kotlin version: 2.3.20
error message: java.lang.RuntimeException: Exception while generating code for:
FUN LOCAL_FUNCTION_FOR_LAMBDA name:HomeScreen$lambda$2$0$0 visibility:private modality:FINAL returnType:kotlin.Unit?
  VALUE_PARAMETER BOUND_VALUE_PARAMETER kind:Regular name:$uiState$delegate index:0 type:androidx.compose.runtime.State<com.template.app.presentation.home.HomeUiState>
  VALUE_PARAMETER BOUND_VALUE_PARAMETER kind:Regular name:$onItemClick index:1 type:kotlin.Function1<com.template.app.domain.model.ExampleItem, kotlin.Unit>
  VALUE_PARAMETER kind:Regular name:$this$LazyColumn index:2 type:androidx.compose.foundation.lazy.LazyListScope
  BLOCK_BODY
    CALL 'public final fun items$default <T> (<this>: androidx.compose.foundation.lazy.LazyListScope, items: kotlin.collections.List<T of androidx.compose.foundation.lazy.LazyDslKt.items$default>, key: kotlin.Function1<@[ParameterName(name = "item")] T of androidx.compose.foundation.lazy.LazyDslKt.items$default, kotlin.Any>?, contentType: kotlin.Function1<@[ParameterName(name = "item")] T of androidx.compose.foundation.lazy.LazyDslKt.items$default, kotlin.Any?>?, itemContent: @[Composable] @[ExtensionFunctionType] kotlin.Function2<androidx.compose.foundation.lazy.LazyItemScope, @[ParameterName(name = "item")] T of androidx.compose.foundation.lazy.LazyDslKt.items$default, kotlin.Unit>, $mask0: kotlin.Int, $handler: kotlin.Any?): kotlin.Unit [inline] declared in androidx.compose.foundation.lazy.LazyDslKt' type=kotlin.Unit origin=DEFAULT_DISPATCH_CALL
      TYPE_ARG T: com.template.app.domain.model.ExampleItem
      ARG <this>: GET_VAR '$this$LazyColumn: androidx.compose.foundation.lazy.LazyListScope declared in com.template.app.presentation.home.HomeScreenKt.HomeScreen$lambda$2$0$0' type=androidx.compose.foundation.lazy.LazyListScope origin=null
      ARG items: CALL 'public final fun <get-items> (): kotlin.collections.List<com.template.app.domain.model.ExampleItem> declared in com.template.app.presentation.home.HomeUiState' type=kotlin.collections.List<com.template.app.domain.model.ExampleItem> origin=GET_PROPERTY
        ARG <this>: CALL 'private final fun HomeScreen$lambda$0 ($uiState$delegate: androidx.compose.runtime.State<com.template.app.presentation.home.HomeUiState>): com.template.app.presentation.home.HomeUiState declared in com.template.app.presentation.home.HomeScreenKt' type=com.template.app.presentation.home.HomeUiState origin=GET_LOCAL_PROPERTY
          ARG $uiState$delegate: GET_VAR '$uiState$delegate: androidx.compose.runtime.State<com.template.app.presentation.home.HomeUiState> declared in com.template.app.presentation.home.HomeScreenKt.HomeScreen$lambda$2$0$0' type=androidx.compose.runtime.State<com.template.app.presentation.home.HomeUiState> origin=null
      ARG key: COMPOSITE type=kotlin.Function1<@[ParameterName(name = "item")] T of androidx.compose.foundation.lazy.LazyDslKt.items$default, kotlin.Any>? origin=DEFAULT_VALUE
        CONST Null type=kotlin.Function1<@[ParameterName(name = "item")] T of androidx.compose.foundation.lazy.LazyDslKt.items$default, kotlin.Any>? value=null
      ARG contentType: COMPOSITE type=kotlin.Function1<@[ParameterName(name = "item")] T of androidx.compose.foundation.lazy.LazyDslKt.items$default, kotlin.Any?>? origin=DEFAULT_VALUE
        CONST Null type=kotlin.Function1<@[ParameterName(name = "item")] T of androidx.compose.foundation.lazy.LazyDslKt.items$default, kotlin.Any?>? value=null
      ARG itemContent: RICH_FUNCTION_REFERENCE type=@[ExtensionFunctionType] kotlin.Function2<androidx.compose.foundation.lazy.LazyItemScope, com.template.app.domain.model.ExampleItem, kotlin.Unit> origin=INLINE_LAMBDA reflectionTarget='null'
        overriddenFunctionSymbol: public abstract fun invoke (p1: P1 of kotlin.Function2, p2: P2 of kotlin.Function2): R of kotlin.Function2 [operator] declared in kotlin.Function2
        bound $onItemClick: GET_VAR '$onItemClick: kotlin.Function1<com.template.app.domain.model.ExampleItem, kotlin.Unit> declared in com.template.app.presentation.home.HomeScreenKt.HomeScreen$lambda$2$0$0' type=kotlin.Function1<com.template.app.domain.model.ExampleItem, kotlin.Unit> origin=null
        invoke: FUN INLINE_LAMBDA name:HomeScreen$lambda$2$0$0$0 visibility:private modality:FINAL returnType:kotlin.Unit
          VALUE_PARAMETER BOUND_VALUE_PARAMETER kind:Regular name:$onItemClick index:0 type:kotlin.Function1<com.template.app.domain.model.ExampleItem, kotlin.Unit>
          VALUE_PARAMETER BOUND_RECEIVER_PARAMETER kind:Regular name:$this$items index:1 type:androidx.compose.foundation.lazy.LazyItemScope
          VALUE_PARAMETER kind:Regular name:item index:2 type:com.template.app.domain.model.ExampleItem
          BLOCK_BODY
            VAR name:$i$a$-items$default-HomeScreenKt$HomeScreen$2$1$1$1 type:kotlin.Int [val]
              CONST Int type=kotlin.Int value=0
            BLOCK type=kotlin.Unit origin=ARGUMENTS_REORDERING_FOR_CALL
              VAR IR_TEMPORARY_VARIABLE name:tmp0_modifier type:androidx.compose.ui.Modifier [val]
                CALL 'public final fun fillMaxWidth$default (<this>: androidx.compose.ui.Modifier, fraction: kotlin.Float, $mask0: kotlin.Int, $handler: kotlin.Any?): androidx.compose.ui.Modifier declared in androidx.compose.foundation.layout.SizeKt' type=androidx.compose.ui.Modifier origin=DEFAULT_DISPATCH_CALL
                  ARG <this>: GET_FIELD 'FIELD FIELD_FOR_OBJECT_INSTANCE name:Companion type:androidx.compose.ui.Modifier.Companion visibility:public [final,static] declared in androidx.compose.ui.Modifier' type=androidx.compose.ui.Modifier.Companion origin=null
                  ARG fraction: COMPOSITE type=kotlin.Float origin=DEFAULT_VALUE
                    CONST Float type=kotlin.Float value=0.0
                  ARG $mask0: CONST Int type=kotlin.Int value=1
                  ARG $handler: CONST Null type=kotlin.Any? value=null
              VAR IR_TEMPORARY_VARIABLE name:tmp1_elevation type:androidx.compose.material3.CardElevation [val]
                CALL 'public final fun cardElevation-i0G_0kk$default ($this: androidx.compose.material3.CardDefaults, defaultElevation: androidx.compose.ui.unit.Dp, pressedElevation: androidx.compose.ui.unit.Dp, focusedElevation: androidx.compose.ui.unit.Dp, hoveredElevation: androidx.compose.ui.unit.Dp, draggedElevation: androidx.compose.ui.unit.Dp, disabledElevation: androidx.compose.ui.unit.Dp, $mask0: kotlin.Int, $handler: kotlin.Any?): androidx.compose.material3.CardElevation declared in androidx.compose.material3.CardDefaults' type=androidx.compose.material3.CardElevation origin=DEFAULT_DISPATCH_CALL
                  ARG $this: GET_FIELD 'FIELD FIELD_FOR_OBJECT_INSTANCE name:INSTANCE type:androidx.compose.material3.CardDefaults visibility:public [final,static] declared in androidx.compose.material3.CardDefaults' type=androidx.compose.material3.CardDefaults origin=null
                  ARG defaultElevation: CALL 'public final fun <get-dp> (<this>: kotlin.Int): androidx.compose.ui.unit.Dp [inline] declared in androidx.compose.ui.unit.DpKt' type=androidx.compose.ui.unit.Dp origin=GET_PROPERTY
                    ARG <this>: CONST Int type=kotlin.Int value=4
                  ARG pressedElevation: COMPOSITE type=androidx.compose.ui.unit.Dp origin=DEFAULT_VALUE
                    CALL 'public final fun <unsafe-coerce> <T, R> (v: T of kotlin.jvm.internal.<unsafe-coerce>): R of kotlin.jvm.internal.<unsafe-coerce> declared in kotlin.jvm.internal' type=androidx.compose.ui.unit.Dp origin=null
                      TYPE_ARG T: kotlin.Float
                      TYPE_ARG R: androidx.compose.ui.unit.Dp
                      ARG v: CONST Float type=kotlin.Float value=0.0
                  ARG focusedElevation: COMPOSITE type=androidx.compose.ui.unit.Dp origin=DEFAULT_VALUE
                    CALL 'public final fun <unsafe-coerce> <T, R> (v: T of kotlin.jvm.internal.<unsafe-coerce>): R of kotlin.jvm.internal.<unsafe-coerce> declared in kotlin.jvm.internal' type=androidx.compose.ui.unit.Dp origin=null
                      TYPE_ARG T: kotlin.Float
                      TYPE_ARG R: androidx.compose.ui.unit.Dp
                      ARG v: CONST Float type=kotlin.Float value=0.0
                  ARG hoveredElevation: COMPOSITE type=androidx.compose.ui.unit.Dp origin=DEFAULT_VALUE
                    CALL 'public final fun <unsafe-coerce> <T, R> (v: T of kotlin.jvm.internal.<unsafe-coerce>): R of kotlin.jvm.internal.<unsafe-coerce> declared in kotlin.jvm.internal' type=androidx.compose.ui.unit.Dp origin=null
                      TYPE_ARG T: kotlin.Float
                      TYPE_ARG R: androidx.compose.ui.unit.Dp
                      ARG v: CONST Float type=kotlin.Float value=0.0
                  ARG draggedElevation: COMPOSITE type=androidx.compose.ui.unit.Dp origin=DEFAULT_VALUE
                    CALL 'public final fun <unsafe-coerce> <T, R> (v: T of kotlin.jvm.internal.<unsafe-coerce>): R of kotlin.jvm.internal.<unsafe-coerce> declared in kotlin.jvm.internal' type=androidx.compose.ui.unit.Dp origin=null
                      TYPE_ARG T: kotlin.Float
                      TYPE_ARG R: androidx.compose.ui.unit.Dp
                      ARG v: CONST Float type=kotlin.Float value=0.0
                  ARG disabledElevation: COMPOSITE type=androidx.compose.ui.unit.Dp origin=DEFAULT_VALUE
                    CALL 'public final fun <unsafe-coerce> <T, R> (v: T of kotlin.jvm.internal.<unsafe-coerce>): R of kotlin.jvm.internal.<unsafe-coerce> declared in kotlin.jvm.internal' type=androidx.compose.ui.unit.Dp origin=null
                      TYPE_ARG T: kotlin.Float
                      TYPE_ARG R: androidx.compose.ui.unit.Dp
                      ARG v: CONST Float type=kotlin.Float value=0.0
                  ARG $mask0: CONST Int type=kotlin.Int value=62
                  ARG $handler: CONST Null type=kotlin.Any? value=null
              CALL 'public final fun Card$default (onClick: kotlin.Function0<kotlin.Unit>, modifier: androidx.compose.ui.Modifier?, enabled: kotlin.Boolean, shape: androidx.compose.ui.graphics.Shape?, colors: androidx.compose.material3.CardColors?, elevation: androidx.compose.material3.CardElevation?, border: androidx.compose.foundation.BorderStroke?, interactionSource: androidx.compose.foundation.interaction.MutableInteractionSource?, content: @[Composable] @[ExtensionFunctionType] kotlin.Function1<androidx.compose.foundation.layout.ColumnScope, kotlin.Unit>, $mask0: kotlin.Int, $handler: kotlin.Any?): kotlin.Unit declared in androidx.compose.material3.CardKt' type=kotlin.Unit origin=DEFAULT_DISPATCH_CALL
                ARG onClick: BLOCK type=com.template.app.presentation.home.HomeScreenKt.HomeScreen$lambda$2$0$0.HomeScreen$lambda$2$0$0$0.<no name provided> origin=null
                  CLASS LAMBDA_IMPL CLASS name:<no name provided> modality:FINAL visibility:public/*package*/ superTypes:[kotlin.Any; kotlin.Function0<kotlin.Unit>]
                    thisReceiver: VALUE_PARAMETER INSTANCE_RECEIVER kind:DispatchReceiver name:<this> type:com.template.app.presentation.home.HomeScreenKt.HomeScreen$lambda$2$0$0.HomeScreen$lambda$2$0$0$0.<no name provided>
                    CONSTRUCTOR GENERATED_MEMBER_IN_CALLABLE_REFERENCE visibility:public/*package*/ returnType:com.template.app.presentation.home.HomeScreenKt.HomeScreen$lambda$2$0$0.HomeScreen$lambda$2$0$0$0.<no name provided> [primary]
                      VALUE_PARAMETER BOUND_VALUE_PARAMETER kind:Regular name:$onItemClick index:0 type:kotlin.Function1<com.template.app.domain.model.ExampleItem, kotlin.Unit>
                      VALUE_PARAMETER BOUND_VALUE_PARAMETER kind:Regular name:$item index:1 type:com.template.app.domain.model.ExampleItem
                      BLOCK_BODY
                        SET_FIELD 'FIELD FIELD_FOR_CAPTURED_VALUE name:$onItemClick type:kotlin.Function1<com.template.app.domain.model.ExampleItem, kotlin.Unit> visibility:public/*package*/ [final] declared in com.template.app.presentation.home.HomeScreenKt.HomeScreen$lambda$2$0$0.HomeScreen$lambda$2$0$0$0.<no name provided>' type=kotlin.Unit origin=INITIALIZER_OF_FIELD_FOR_CAPTURED_VALUE
                          receiver: GET_VAR '<this>: com.template.app.presentation.home.HomeScreenKt.HomeScreen$lambda$2$0$0.HomeScreen$lambda$2$0$0$0.<no name provided> declared in com.template.app.presentation.home.HomeScreenKt.HomeScreen$lambda$2$0$0.HomeScreen$lambda$2$0$0$0.<no name provided>' type=com.template.app.presentation.home.HomeScreenKt.HomeScreen$lambda$2$0$0.HomeScreen$lambda$2$0$0$0.<no name provided> origin=null
                          value: GET_VAR '$onItemClick: kotlin.Function1<com.template.app.domain.model.ExampleItem, kotlin.Unit> declared in com.template.app.presentation.home.HomeScreenKt.HomeScreen$lambda$2$0$0.HomeScreen$lambda$2$0$0$0.<no name provided>.<init>' type=kotlin.Function1<com.template.app.domain.model.ExampleItem, kotlin.Unit> origin=null
                        SET_FIELD 'FIELD FIELD_FOR_CAPTURED_VALUE name:$item type:com.template.app.domain.model.ExampleItem visibility:public/*package*/ [final] declared in com.template.app.presentation.home.HomeScreenKt.HomeScreen$lambda$2$0$0.HomeScreen$lambda$2$0$0$0.<no name provided>' type=kotlin.Unit origin=INITIALIZER_OF_FIELD_FOR_CAPTURED_VALUE
                          receiver: GET_VAR '<this>: com.template.app.presentation.home.HomeScreenKt.HomeScreen$lambda$2$0$0.HomeScreen$lambda$2$0$0$0.<no name provided> declared in com.template.app.presentation.home.HomeScreenKt.HomeScreen$lambda$2$0$0.HomeScreen$lambda$2$0$0$0.<no name provided>' type=com.template.app.presentation.home.HomeScreenKt.HomeScreen$lambda$2$0$0.HomeScreen$lambda$2$0$0$0.<no name provided> origin=null
                          value: GET_VAR '$item: com.template.app.domain.model.ExampleItem declared in com.template.app.presentation.home.HomeScreenKt.HomeScreen$lambda$2$0$0.HomeScreen$lambda$2$0$0$0.<no name provided>.<init>' type=com.template.app.domain.model.ExampleItem origin=null
                        DELEGATING_CONSTRUCTOR_CALL 'public constructor <init> () [primary] declared in kotlin.Any'
                        BLOCK type=kotlin.Unit origin=null
                    FUN name:invoke visibility:public modality:FINAL returnType:kotlin.Unit
                      VALUE_PARAMETER INSTANCE_RECEIVER kind:DispatchReceiver name:<this> index:0 type:com.template.app.presentation.home.HomeScreenKt.HomeScreen$lambda$2$0$0.HomeScreen$lambda$2$0$0$0.<no name provided>
                      overridden:
                        public abstract fun invoke (): R of kotlin.Function0 [operator] declared in kotlin.Function0
                      BLOCK_BODY
                        CALL 'public abstract fun invoke (p1: P1 of kotlin.Function1): R of kotlin.Function1 [operator] declared in kotlin.Function1' type=kotlin.Unit origin=INVOKE
                          ARG <this>: GET_FIELD 'FIELD FIELD_FOR_CAPTURED_VALUE name:$onItemClick type:kotlin.Function1<com.template.app.domain.model.ExampleItem, kotlin.Unit> visibility:public/*package*/ [final] declared in com.template.app.presentation.home.HomeScreenKt.HomeScreen$lambda$2$0$0.HomeScreen$lambda$2$0$0$0.<no name provided>' type=kotlin.Function1<com.template.app.domain.model.ExampleItem, kotlin.Unit> origin=null
                            receiver: GET_VAR '<this>: com.template.app.presentation.home.HomeScreenKt.HomeScreen$lambda$2$0$0.HomeScreen$lambda$2$0$0$0.<no name provided> declared in com.template.app.presentation.home.HomeScreenKt.HomeScreen$lambda$2$0$0.HomeScreen$lambda$2$0$0$0.<no name provided>.invoke' type=com.template.app.presentation.home.HomeScreenKt.HomeScreen$lambda$2$0$0.HomeScreen$lambda$2$0$0$0.<no name provided> origin=null
                          ARG p1: GET_FIELD 'FIELD FIELD_FOR_CAPTURED_VALUE name:$item type:com.template.app.domain.model.ExampleItem visibility:public/*package*/ [final] declared in com.template.app.presentation.home.HomeScreenKt.HomeScreen$lambda$2$0$0.HomeScreen$lambda$2$0$0$0.<no name provided>' type=com.template.app.domain.model.ExampleItem origin=null
                            receiver: GET_VAR '<this>: com.template.app.presentation.home.HomeScreenKt.HomeScreen$lambda$2$0$0.HomeScreen$lambda$2$0$0$0.<no name provided> declared in com.template.app.presentation.home.HomeScreenKt.HomeScreen$lambda$2$0$0.HomeScreen$lambda$2$0$0$0.<no name provided>.invoke' type=com.template.app.presentation.home.HomeScreenKt.HomeScreen$lambda$2$0$0.HomeScreen$lambda$2$0$0$0.<no name provided> origin=null
                    FIELD FIELD_FOR_CAPTURED_VALUE name:$onItemClick type:kotlin.Function1<com.template.app.domain.model.ExampleItem, kotlin.Unit> visibility:public/*package*/ [final]
                    FIELD FIELD_FOR_CAPTURED_VALUE name:$item type:com.template.app.domain.model.ExampleItem visibility:public/*package*/ [final]
                    FUN BRIDGE name:invoke visibility:public modality:OPEN returnType:kotlin.Any?
                      VALUE_PARAMETER INSTANCE_RECEIVER kind:DispatchReceiver name:<this> index:0 type:com.template.app.presentation.home.HomeScreenKt.HomeScreen$lambda$2$0$0.HomeScreen$lambda$2$0$0$0.<no name provided>
                      EXPRESSION_BODY
                        RETURN type=kotlin.Nothing from='public open fun invoke (): kotlin.Any? declared in com.template.app.presentation.home.HomeScreenKt.HomeScreen$lambda$2$0$0.HomeScreen$lambda$2$0$0$0.<no name provided>'
                          CALL 'public final fun invoke (): kotlin.Unit declared in com.template.app.presentation.home.HomeScreenKt.HomeScreen$lambda$2$0$0.HomeScreen$lambda$2$0$0$0.<no name provided>' type=kotlin.Unit origin=BRIDGE_DELEGATION
                            ARG <this>: GET_VAR '<this>: com.template.app.presentation.home.HomeScreenKt.HomeScreen$lambda$2$0$0.HomeScreen$lambda$2$0$0$0.<no name provided> declared in com.template.app.presentation.home.HomeScreenKt.HomeScreen$lambda$2$0$0.HomeScreen$lambda$2$0$0$0.<no name provided>.invoke' type=com.template.app.presentation.home.HomeScreenKt.HomeScreen$lambda$2$0$0.HomeScreen$lambda$2$0$0$0.<no name provided> origin=null
                  CONSTRUCTOR_CALL 'public/*package*/ constructor <init> ($onItemClick: kotlin.Function1<com.template.app.domain.model.ExampleItem, kotlin.Unit>, $item: com.template.app.domain.model.ExampleItem) [primary] declared in com.template.app.presentation.home.HomeScreenKt.HomeScreen$lambda$2$0$0.HomeScreen$lambda$2$0$0$0.<no name provided>' type=com.template.app.presentation.home.HomeScreenKt.HomeScreen$lambda$2$0$0.HomeScreen$lambda$2$0$0$0.<no name provided> origin=null
                    ARG $onItemClick: GET_VAR '$onItemClick: kotlin.Function1<com.template.app.domain.model.ExampleItem, kotlin.Unit> declared in com.template.app.presentation.home.HomeScreenKt.HomeScreen$lambda$2$0$0.HomeScreen$lambda$2$0$0$0' type=kotlin.Function1<com.template.app.domain.model.ExampleItem, kotlin.Unit> origin=null
                    ARG $item: GET_VAR 'item: com.template.app.domain.model.ExampleItem declared in com.template.app.presentation.home.HomeScreenKt.HomeScreen$lambda$2$0$0.HomeScreen$lambda$2$0$0$0' type=com.template.app.domain.model.ExampleItem origin=null
                ARG modifier: GET_VAR 'val tmp0_modifier: androidx.compose.ui.Modifier [val] declared in com.template.app.presentation.home.HomeScreenKt.HomeScreen$lambda$2$0$0.HomeScreen$lambda$2$0$0$0' type=androidx.compose.ui.Modifier origin=null
                ARG enabled: COMPOSITE type=kotlin.Boolean origin=DEFAULT_VALUE
                  CONST Boolean type=kotlin.Boolean value=false
                ARG shape: COMPOSITE type=androidx.compose.ui.graphics.Shape? origin=DEFAULT_VALUE
                  CONST Null type=androidx.compose.ui.graphics.Shape? value=null
                ARG colors: COMPOSITE type=androidx.compose.material3.CardColors? origin=DEFAULT_VALUE
                  CONST Null type=androidx.compose.material3.CardColors? value=null
                ARG elevation: GET_VAR 'val tmp1_elevation: androidx.compose.material3.CardElevation [val] declared in com.template.app.presentation.home.HomeScreenKt.HomeScreen$lambda$2$0$0.HomeScreen$lambda$2$0$0$0' type=androidx.compose.material3.CardElevation origin=null
                ARG border: COMPOSITE type=androidx.compose.foundation.BorderStroke? origin=DEFAULT_VALUE
                  CONST Null type=androidx.compose.foundation.BorderStroke? value=null
                ARG interactionSource: COMPOSITE type=androidx.compose.foundation.interaction.MutableInteractionSource? origin=DEFAULT_VALUE
                  CONST Null type=androidx.compose.foundation.interaction.MutableInteractionSource? value=null
                ARG content: BLOCK type=com.template.app.presentation.home.HomeScreenKt.HomeScreen$lambda$2$0$0.HomeScreen$lambda$2$0$0$0.<no name provided> origin=null
                  CLASS LAMBDA_IMPL CLASS name:<no name provided> modality:FINAL visibility:public/*package*/ superTypes:[kotlin.Any; kotlin.Function1<androidx.compose.foundation.layout.ColumnScope, kotlin.Unit>]
                    thisReceiver: VALUE_PARAMETER INSTANCE_RECEIVER kind:DispatchReceiver name:<this> type:com.template.app.presentation.home.HomeScreenKt.HomeScreen$lambda$2$0$0.HomeScreen$lambda$2$0$0$0.<no name provided>
                    CONSTRUCTOR GENERATED_MEMBER_IN_CALLABLE_REFERENCE visibility:public/*package*/ returnType:com.template.app.presentation.home.HomeScreenKt.HomeScreen$lambda$2$0$0.HomeScreen$lambda$2$0$0$0.<no name provided> [primary]
                      VALUE_PARAMETER BOUND_VALUE_PARAMETER kind:Regular name:$item index:0 type:com.template.app.domain.model.ExampleItem
                      BLOCK_BODY
                        SET_FIELD 'FIELD FIELD_FOR_CAPTURED_VALUE name:$item type:com.template.app.domain.model.ExampleItem visibility:public/*package*/ [final] declared in com.template.app.presentation.home.HomeScreenKt.HomeScreen$lambda$2$0$0.HomeScreen$lambda$2$0$0$0.<no name provided>' type=kotlin.Unit origin=INITIALIZER_OF_FIELD_FOR_CAPTURED_VALUE
                          receiver: GET_VAR '<this>: com.template.app.presentation.home.HomeScreenKt.HomeScreen$lambda$2$0$0.HomeScreen$lambda$2$0$0$0.<no name provided> declared in com.template.app.presentation.home.HomeScreenKt.HomeScreen$lambda$2$0$0.HomeScreen$lambda$2$0$0$0.<no name provided>' type=com.template.app.presentation.home.HomeScreenKt.HomeScreen$lambda$2$0$0.HomeScreen$lambda$2$0$0$0.<no name provided> origin=null
                          value: GET_VAR '$item: com.template.app.domain.model.ExampleItem declared in com.template.app.presentation.home.HomeScreenKt.HomeScreen$lambda$2$0$0.HomeScreen$lambda$2$0$0$0.<no name provided>.<init>' type=com.template.app.domain.model.ExampleItem origin=null
                        DELEGATING_CONSTRUCTOR_CALL 'public constructor <init> () [primary] declared in kotlin.Any'
                        BLOCK type=kotlin.Unit origin=null
                    FUN name:invoke visibility:public modality:FINAL returnType:kotlin.Unit
                      VALUE_PARAMETER INSTANCE_RECEIVER kind:DispatchReceiver name:<this> index:0 type:com.template.app.presentation.home.HomeScreenKt.HomeScreen$lambda$2$0$0.HomeScreen$lambda$2$0$0$0.<no name provided>
                      VALUE_PARAMETER kind:Regular name:$this$Card index:1 type:androidx.compose.foundation.layout.ColumnScope
                      overridden:
                        public abstract fun invoke (p1: P1 of kotlin.Function1): R of kotlin.Function1 [operator] declared in kotlin.Function1
                      BLOCK_BODY
                        CALL 'public final fun Column$default (modifier: androidx.compose.ui.Modifier?, verticalArrangement: androidx.compose.foundation.layout.Arrangement.Vertical?, horizontalAlignment: androidx.compose.ui.Alignment.Horizontal?, content: @[Composable] @[ExtensionFunctionType] kotlin.Function1<androidx.compose.foundation.layout.ColumnScope, kotlin.Unit>, $mask0: kotlin.Int, $handler: kotlin.Any?): kotlin.Unit [inline] declared in androidx.compose.foundation.layout.ColumnKt' type=kotlin.Unit origin=DEFAULT_DISPATCH_CALL
                          ARG modifier: CALL 'public final fun padding-3ABfNKs ($this$padding: androidx.compose.ui.Modifier, all: androidx.compose.ui.unit.Dp): androidx.compose.ui.Modifier declared in androidx.compose.foundation.layout.PaddingKt' type=androidx.compose.ui.Modifier origin=null
                            ARG $this$padding: GET_FIELD 'FIELD FIELD_FOR_OBJECT_INSTANCE name:Companion type:androidx.compose.ui.Modifier.Companion visibility:public [final,static] declared in androidx.compose.ui.Modifier' type=androidx.compose.ui.Modifier.Companion origin=null
                            ARG all: CALL 'public final fun <get-dp> (<this>: kotlin.Int): androidx.compose.ui.unit.Dp [inline] declared in androidx.compose.ui.unit.DpKt' type=androidx.compose.ui.unit.Dp origin=GET_PROPERTY
                              ARG <this>: CONST Int type=kotlin.Int value=16
                          ARG verticalArrangement: COMPOSITE type=androidx.compose.foundation.layout.Arrangement.Vertical? origin=DEFAULT_VALUE
                            CONST Null type=androidx.compose.foundation.layout.Arrangement.Vertical? value=null
                          ARG horizontalAlignment: COMPOSITE type=androidx.compose.ui.Alignment.Horizontal? origin=DEFAULT_VALUE
                            CONST Null type=androidx.compose.ui.Alignment.Horizontal? value=null
                          ARG content: RICH_FUNCTION_REFERENCE type=@[ExtensionFunctionType] kotlin.Function1<androidx.compose.foundation.layout.ColumnScope, kotlin.Unit> origin=INLINE_LAMBDA reflectionTarget='null'
                            overriddenFunctionSymbol: public abstract fun invoke (p1: P1 of kotlin.Function1): R of kotlin.Function1 [operator] declared in kotlin.Function1
                            bound $item: GET_FIELD 'FIELD FIELD_FOR_CAPTURED_VALUE name:$item type:com.template.app.domain.model.ExampleItem visibility:public/*package*/ [final] declared in com.template.app.presentation.home.HomeScreenKt.HomeScreen$lambda$2$0$0.HomeScreen$lambda$2$0$0$0.<no name provided>' type=com.template.app.domain.model.ExampleItem origin=null
                              receiver: GET_VAR '<this>: com.template.app.presentation.home.HomeScreenKt.HomeScreen$lambda$2$0$0.HomeScreen$lambda$2$0$0$0.<no name provided> declared in com.template.app.presentation.home.HomeScreenKt.HomeScreen$lambda$2$0$0.HomeScreen$lambda$2$0$0$0.<no name provided>.invoke' type=com.template.app.presentation.home.HomeScreenKt.HomeScreen$lambda$2$0$0.HomeScreen$lambda$2$0$0$0.<no name provided> origin=null
                            invoke: FUN INLINE_LAMBDA name:invoke$lambda$0 visibility:private modality:FINAL returnType:kotlin.Unit
                              VALUE_PARAMETER BOUND_VALUE_PARAMETER kind:Regular name:$item index:0 type:com.template.app.domain.model.ExampleItem
                              VALUE_PARAMETER BOUND_RECEIVER_PARAMETER kind:Regular name:$this$Column index:1 type:androidx.compose.foundation.layout.ColumnScope
                              BLOCK_BODY
                                VAR name:$i$a$-Column$default-HomeScreenKt$HomeScreen$2$1$1$1$2$1 type:kotlin.Int [val]
                                  CONST Int type=kotlin.Int value=0
                                BLOCK type=kotlin.Unit origin=ARGUMENTS_REORDERING_FOR_CALL
                                  VAR IR_TEMPORARY_VARIABLE name:tmp0_text type:kotlin.String [val]
                                    CALL 'public final fun <get-title> (): kotlin.String declared in com.template.app.domain.model.ExampleItem' type=kotlin.String origin=GET_PROPERTY
                                      ARG <this>: GET_VAR '$item: com.template.app.domain.model.ExampleItem declared in com.template.app.presentation.home.HomeScreenKt.HomeScreen$lambda$2$0$0.HomeScreen$lambda$2$0$0$0.<no name provided>.invoke.invoke$lambda$0' type=com.template.app.domain.model.ExampleItem origin=null
                                  VAR IR_TEMPORARY_VARIABLE name:tmp1_style type:androidx.compose.ui.text.TextStyle [val]
                                    CALL 'public final fun <get-titleLarge> (): androidx.compose.ui.text.TextStyle declared in androidx.compose.material3.Typography' type=androidx.compose.ui.text.TextStyle origin=GET_PROPERTY
                                      ARG <this>: CALL 'public final fun <get-typography> (): androidx.compose.material3.Typography declared in androidx.compose.material3.MaterialTheme' type=androidx.compose.material3.Typography origin=GET_PROPERTY
                                        ARG <this>: GET_FIELD 'FIELD FIELD_FOR_OBJECT_INSTANCE name:INSTANCE type:androidx.compose.material3.MaterialTheme visibility:public [final,static] declared in androidx.compose.material3.MaterialTheme' type=androidx.compose.material3.MaterialTheme origin=null
                                  VAR IR_TEMPORARY_VARIABLE name:tmp2_color type:androidx.compose.ui.graphics.Color [val]
                                    CALL 'public final fun getOnSurface-0d7_KjU (): androidx.compose.ui.graphics.Color declared in androidx.compose.material3.ColorScheme' type=androidx.compose.ui.graphics.Color origin=GET_PROPERTY
                                      ARG <this>: CALL 'public final fun <get-colorScheme> (): androidx.compose.material3.ColorScheme declared in androidx.compose.material3.MaterialTheme' type=androidx.compose.material3.ColorScheme origin=GET_PROPERTY
                                        ARG <this>: GET_FIELD 'FIELD FIELD_FOR_OBJECT_INSTANCE name:INSTANCE type:androidx.compose.material3.MaterialTheme visibility:public [final,static] declared in androidx.compose.material3.MaterialTheme' type=androidx.compose.material3.MaterialTheme origin=null
                                  CALL 'public final fun Text-80ic1_w$default (text: kotlin.String, modifier: androidx.compose.ui.Modifier?, color: androidx.compose.ui.graphics.Color, fontSize: androidx.compose.ui.unit.TextUnit, fontStyle: androidx.compose.ui.text.font.FontStyle?, fontWeight: androidx.compose.ui.text.font.FontWeight?, fontFamily: androidx.compose.ui.text.font.FontFamily?, letterSpacing: androidx.compose.ui.unit.TextUnit, textDecoration: androidx.compose.ui.text.style.TextDecoration?, textAlign: androidx.compose.ui.text.style.TextAlign?, lineHeight: androidx.compose.ui.unit.TextUnit, overflow: androidx.compose.ui.text.style.TextOverflow, softWrap: kotlin.Boolean, maxLines: kotlin.Int, minLines: kotlin.Int, onTextLayout: kotlin.Function1<androidx.compose.ui.text.TextLayoutResult, kotlin.Unit>?, style: androidx.compose.ui.text.TextStyle?, $mask0: kotlin.Int, $handler: kotlin.Any?): kotlin.Unit declared in androidx.compose.material3.TextKt' type=kotlin.Unit origin=DEFAULT_DISPATCH_CALL
                                    ARG text: GET_VAR 'val tmp0_text: kotlin.String [val] declared in com.template.app.presentation.home.HomeScreenKt.HomeScreen$lambda$2$0$0.HomeScreen$lambda$2$0$0$0.<no name provided>.invoke.invoke$lambda$0' type=kotlin.String origin=null
                                    ARG modifier: COMPOSITE type=androidx.compose.ui.Modifier? origin=DEFAULT_VALUE
                                      CONST Null type=androidx.compose.ui.Modifier? value=null
                                    ARG color: GET_VAR 'val tmp2_color: androidx.compose.ui.graphics.Color [val] declared in com.template.app.presentation.home.HomeScreenKt.HomeScreen$lambda$2$0$0.HomeScreen$lambda$2$0$0$0.<no name provided>.invoke.invoke$lambda$0' type=androidx.compose.ui.graphics.Color origin=null
                                    ARG fontSize: COMPOSITE type=androidx.compose.ui.unit.TextUnit origin=DEFAULT_VALUE
                                      CALL 'public final fun <unsafe-coerce> <T, R> (v: T of kotlin.jvm.internal.<unsafe-coerce>): R of kotlin.jvm.internal.<unsafe-coerce> declared in kotlin.jvm.internal' type=androidx.compose.ui.unit.TextUnit origin=null
                                        TYPE_ARG T: kotlin.Long
                                        TYPE_ARG R: androidx.compose.ui.unit.TextUnit
                                        ARG v: CONST Long type=kotlin.Long value=0
                                    ARG fontStyle: COMPOSITE type=androidx.compose.ui.text.font.FontStyle? origin=DEFAULT_VALUE
                                      CONST Null type=androidx.compose.ui.text.font.FontStyle? value=null
                                    ARG fontWeight: COMPOSITE type=androidx.compose.ui.text.font.FontWeight? origin=DEFAULT_VALUE
                                      CONST Null type=androidx.compose.ui.text.font.FontWeight? value=null
                                    ARG fontFamily: COMPOSITE type=androidx.compose.ui.text.font.FontFamily? origin=DEFAULT_VALUE
                                      CONST Null type=androidx.compose.ui.text.font.FontFamily? value=null
                                    ARG letterSpacing: COMPOSITE type=androidx.compose.ui.unit.TextUnit origin=DEFAULT_VALUE
                                      CALL 'public final fun <unsafe-coerce> <T, R> (v: T of kotlin.jvm.internal.<unsafe-coerce>): R of kotlin.jvm.internal.<unsafe-coerce> declared in kotlin.jvm.internal' type=androidx.compose.ui.unit.TextUnit origin=null
                                        TYPE_ARG T: kotlin.Long
                                        TYPE_ARG R: androidx.compose.ui.unit.TextUnit
                                        ARG v: CONST Long type=kotlin.Long value=0
                                    ARG textDecoration: COMPOSITE type=androidx.compose.ui.text.style.TextDecoration? origin=DEFAULT_VALUE
                                      CONST Null type=androidx.compose.ui.text.style.TextDecoration? value=null
                                    ARG textAlign: COMPOSITE type=androidx.compose.ui.text.style.TextAlign? origin=DEFAULT_VALUE
                                      CONST Null type=androidx.compose.ui.text.style.TextAlign? value=null
                                    ARG lineHeight: COMPOSITE type=androidx.compose.ui.unit.TextUnit origin=DEFAULT_VALUE
                                      CALL 'public final fun <unsafe-coerce> <T, R> (v: T of kotlin.jvm.internal.<unsafe-coerce>): R of kotlin.jvm.internal.<unsafe-coerce> declared in kotlin.jvm.internal' type=androidx.compose.ui.unit.TextUnit origin=null
                                        TYPE_ARG T: kotlin.Long
                                        TYPE_ARG R: androidx.compose.ui.unit.TextUnit
                                        ARG v: CONST Long type=kotlin.Long value=0
                                    ARG overflow: COMPOSITE type=androidx.compose.ui.text.style.TextOverflow origin=DEFAULT_VALUE
                                      CALL 'public final fun <unsafe-coerce> <T, R> (v: T of kotlin.jvm.internal.<unsafe-coerce>): R of kotlin.jvm.internal.<unsafe-coerce> declared in kotlin.jvm.internal' type=androidx.compose.ui.text.style.TextOverflow origin=null
                                        TYPE_ARG T: kotlin.Int
                                        TYPE_ARG R: androidx.compose.ui.text.style.TextOverflow
                                        ARG v: CONST Int type=kotlin.Int value=0
                                    ARG softWrap: COMPOSITE type=kotlin.Boolean origin=DEFAULT_VALUE
                                      CONST Boolean type=kotlin.Boolean value=false
                                    ARG maxLines: COMPOSITE type=kotlin.Int origin=DEFAULT_VALUE
                                      CONST Int type=kotlin.Int value=0
                                    ARG minLines: COMPOSITE type=kotlin.Int origin=DEFAULT_VALUE
                                      CONST Int type=kotlin.Int value=0
                                    ARG onTextLayout: COMPOSITE type=kotlin.Function1<androidx.compose.ui.text.TextLayoutResult, kotlin.Unit>? origin=DEFAULT_VALUE
                                      CONST Null type=kotlin.Function1<androidx.compose.ui.text.TextLayoutResult, kotlin.Unit>? value=null
                                    ARG style: GET_VAR 'val tmp1_style: androidx.compose.ui.text.TextStyle [val] declared in com.template.app.presentation.home.HomeScreenKt.HomeScreen$lambda$2$0$0.HomeScreen$lambda$2$0$0$0.<no name provided>.invoke.invoke$lambda$0' type=androidx.compose.ui.text.TextStyle origin=null
                                    ARG $mask0: CONST Int type=kotlin.Int value=65530
                                    ARG $handler: CONST Null type=kotlin.Any? value=null
                                CALL 'public final fun Spacer (modifier: androidx.compose.ui.Modifier): kotlin.Unit declared in androidx.compose.foundation.layout.SpacerKt' type=kotlin.Unit origin=null
                                  ARG modifier: CALL 'public final fun padding-qDBjuR0$default ($this$padding: androidx.compose.ui.Modifier, start: androidx.compose.ui.unit.Dp, top: androidx.compose.ui.unit.Dp, end: androidx.compose.ui.unit.Dp, bottom: androidx.compose.ui.unit.Dp, $mask0: kotlin.Int, $handler: kotlin.Any?): androidx.compose.ui.Modifier declared in androidx.compose.foundation.layout.PaddingKt' type=androidx.compose.ui.Modifier origin=DEFAULT_DISPATCH_CALL
                                    ARG $this$padding: GET_FIELD 'FIELD FIELD_FOR_OBJECT_INSTANCE name:Companion type:androidx.compose.ui.Modifier.Companion visibility:public [final,static] declared in androidx.compose.ui.Modifier' type=androidx.compose.ui.Modifier.Companion origin=null
                                    ARG start: COMPOSITE type=androidx.compose.ui.unit.Dp origin=DEFAULT_VALUE
                                      CALL 'public final fun <unsafe-coerce> <T, R> (v: T of kotlin.jvm.internal.<unsafe-coerce>): R of kotlin.jvm.internal.<unsafe-coerce> declared in kotlin.jvm.internal' type=androidx.compose.ui.unit.Dp origin=null
                                        TYPE_ARG T: kotlin.Float
                                        TYPE_ARG R: androidx.compose.ui.unit.Dp
                                        ARG v: CONST Float type=kotlin.Float value=0.0
                                    ARG top: CALL 'public final fun <get-dp> (<this>: kotlin.Int): androidx.compose.ui.unit.Dp [inline] declared in androidx.compose.ui.unit.DpKt' type=androidx.compose.ui.unit.Dp origin=GET_PROPERTY
                                      ARG <this>: CONST Int type=kotlin.Int value=8
                                    ARG end: COMPOSITE type=androidx.compose.ui.unit.Dp origin=DEFAULT_VALUE
                                      CALL 'public final fun <unsafe-coerce> <T, R> (v: T of kotlin.jvm.internal.<unsafe-coerce>): R of kotlin.jvm.internal.<unsafe-coerce> declared in kotlin.jvm.internal' type=androidx.compose.ui.unit.Dp origin=null
                                        TYPE_ARG T: kotlin.Float
                                        TYPE_ARG R: androidx.compose.ui.unit.Dp
                                        ARG v: CONST Float type=kotlin.Float value=0.0
                                    ARG bottom: COMPOSITE type=androidx.compose.ui.unit.Dp origin=DEFAULT_VALUE
                                      CALL 'public final fun <unsafe-coerce> <T, R> (v: T of kotlin.jvm.internal.<unsafe-coerce>): R of kotlin.jvm.internal.<unsafe-coerce> declared in kotlin.jvm.internal' type=androidx.compose.ui.unit.Dp origin=null
                                        TYPE_ARG T: kotlin.Float
                                        TYPE_ARG R: androidx.compose.ui.unit.Dp
                                        ARG v: CONST Float type=kotlin.Float value=0.0
                                    ARG $mask0: CONST Int type=kotlin.Int value=13
                                    ARG $handler: CONST Null type=kotlin.Any? value=null
                                BLOCK type=kotlin.Unit origin=ARGUMENTS_REORDERING_FOR_CALL
                                  VAR IR_TEMPORARY_VARIABLE name:tmp3_text type:kotlin.String [val]
                                    CALL 'public final fun <get-description> (): kotlin.String declared in com.template.app.domain.model.ExampleItem' type=kotlin.String origin=GET_PROPERTY
                                      ARG <this>: GET_VAR '$item: com.template.app.domain.model.ExampleItem declared in com.template.app.presentation.home.HomeScreenKt.HomeScreen$lambda$2$0$0.HomeScreen$lambda$2$0$0$0.<no name provided>.invoke.invoke$lambda$0' type=com.template.app.domain.model.ExampleItem origin=null
                                  VAR IR_TEMPORARY_VARIABLE name:tmp4_style type:androidx.compose.ui.text.TextStyle [val]
                                    CALL 'public final fun <get-bodyMedium> (): androidx.compose.ui.text.TextStyle declared in androidx.compose.material3.Typography' type=androidx.compose.ui.text.TextStyle origin=GET_PROPERTY
                                      ARG <this>: CALL 'public final fun <get-typography> (): androidx.compose.material3.Typography declared in androidx.compose.material3.MaterialTheme' type=androidx.compose.material3.Typography origin=GET_PROPERTY
                                        ARG <this>: GET_FIELD 'FIELD FIELD_FOR_OBJECT_INSTANCE name:INSTANCE type:androidx.compose.material3.MaterialTheme visibility:public [final,static] declared in androidx.compose.material3.MaterialTheme' type=androidx.compose.material3.MaterialTheme origin=null
                                  VAR IR_TEMPORARY_VARIABLE name:tmp5_color type:androidx.compose.ui.graphics.Color [val]
                                    CALL 'public final fun getOnSurfaceVariant-0d7_KjU (): androidx.compose.ui.graphics.Color declared in androidx.compose.material3.ColorScheme' type=androidx.compose.ui.graphics.Color origin=GET_PROPERTY
                                      ARG <this>: CALL 'public final fun <get-colorScheme> (): androidx.compose.material3.ColorScheme declared in androidx.compose.material3.MaterialTheme' type=androidx.compose.material3.ColorScheme origin=GET_PROPERTY
                                        ARG <this>: GET_FIELD 'FIELD FIELD_FOR_OBJECT_INSTANCE name:INSTANCE type:androidx.compose.material3.MaterialTheme visibility:public [final,static] declared in androidx.compose.material3.MaterialTheme' type=androidx.compose.material3.MaterialTheme origin=null
                                  CALL 'public final fun Text-80ic1_w$default (text: kotlin.String, modifier: androidx.compose.ui.Modifier?, color: androidx.compose.ui.graphics.Color, fontSize: androidx.compose.ui.unit.TextUnit, fontStyle: androidx.compose.ui.text.font.FontStyle?, fontWeight: androidx.compose.ui.text.font.FontWeight?, fontFamily: androidx.compose.ui.text.font.FontFamily?, letterSpacing: androidx.compose.ui.unit.TextUnit, textDecoration: androidx.compose.ui.text.style.TextDecoration?, textAlign: androidx.compose.ui.text.style.TextAlign?, lineHeight: androidx.compose.ui.unit.TextUnit, overflow: androidx.compose.ui.text.style.TextOverflow, softWrap: kotlin.Boolean, maxLines: kotlin.Int, minLines: kotlin.Int, onTextLayout: kotlin.Function1<androidx.compose.ui.text.TextLayoutResult, kotlin.Unit>?, style: androidx.compose.ui.text.TextStyle?, $mask0: kotlin.Int, $handler: kotlin.Any?): kotlin.Unit declared in androidx.compose.material3.TextKt' type=kotlin.Unit origin=DEFAULT_DISPATCH_CALL
                                    ARG text: GET_VAR 'val tmp3_text: kotlin.String [val] declared in com.template.app.presentation.home.HomeScreenKt.HomeScreen$lambda$2$0$0.HomeScreen$lambda$2$0$0$0.<no name provided>.invoke.invoke$lambda$0' type=kotlin.String origin=null
                                    ARG modifier: COMPOSITE type=androidx.compose.ui.Modifier? origin=DEFAULT_VALUE
                                      CONST Null type=androidx.compose.ui.Modifier? value=null
                                    ARG color: GET_VAR 'val tmp5_color: androidx.compose.ui.graphics.Color [val] declared in com.template.app.presentation.home.HomeScreenKt.HomeScreen$lambda$2$0$0.HomeScreen$lambda$2$0$0$0.<no name provided>.invoke.invoke$lambda$0' type=androidx.compose.ui.graphics.Color origin=null
                                    ARG fontSize: COMPOSITE type=androidx.compose.ui.unit.TextUnit origin=DEFAULT_VALUE
                                      CALL 'public final fun <unsafe-coerce> <T, R> (v: T of kotlin.jvm.internal.<unsafe-coerce>): R of kotlin.jvm.internal.<unsafe-coerce> declared in kotlin.jvm.internal' type=androidx.compose.ui.unit.TextUnit origin=null
                                        TYPE_ARG T: kotlin.Long
                                        TYPE_ARG R: androidx.compose.ui.unit.TextUnit
                                        ARG v: CONST Long type=kotlin.Long value=0
                                    ARG fontStyle: COMPOSITE type=androidx.compose.ui.text.font.FontStyle? origin=DEFAULT_VALUE
                                      CONST Null type=androidx.compose.ui.text.font.FontStyle? value=null
                                    ARG fontWeight: COMPOSITE type=androidx.compose.ui.text.font.FontWeight? origin=DEFAULT_VALUE
                                      CONST Null type=androidx.compose.ui.text.font.FontWeight? value=null
                                    ARG fontFamily: COMPOSITE type=androidx.compose.ui.text.font.FontFamily? origin=DEFAULT_VALUE
                                      CONST Null type=androidx.compose.ui.text.font.FontFamily? value=null
                                    ARG letterSpacing: COMPOSITE type=androidx.compose.ui.unit.TextUnit origin=DEFAULT_VALUE
                                      CALL 'public final fun <unsafe-coerce> <T, R> (v: T of kotlin.jvm.internal.<unsafe-coerce>): R of kotlin.jvm.internal.<unsafe-coerce> declared in kotlin.jvm.internal' type=androidx.compose.ui.unit.TextUnit origin=null
                                        TYPE_ARG T: kotlin.Long
                                        TYPE_ARG R: androidx.compose.ui.unit.TextUnit
                                        ARG v: CONST Long type=kotlin.Long value=0
                                    ARG textDecoration: COMPOSITE type=androidx.compose.ui.text.style.TextDecoration? origin=DEFAULT_VALUE
                                      CONST Null type=androidx.compose.ui.text.style.TextDecoration? value=null
                                    ARG textAlign: COMPOSITE type=androidx.compose.ui.text.style.TextAlign? origin=DEFAULT_VALUE
                                      CONST Null type=androidx.compose.ui.text.style.TextAlign? value=null
                                    ARG lineHeight: COMPOSITE type=androidx.compose.ui.unit.TextUnit origin=DEFAULT_VALUE
                                      CALL 'public final fun <unsafe-coerce> <T, R> (v: T of kotlin.jvm.internal.<unsafe-coerce>): R of kotlin.jvm.internal.<unsafe-coerce> declared in kotlin.jvm.internal' type=androidx.compose.ui.unit.TextUnit origin=null
                                        TYPE_ARG T: kotlin.Long
                                        TYPE_ARG R: androidx.compose.ui.unit.TextUnit
                                        ARG v: CONST Long type=kotlin.Long value=0
                                    ARG overflow: COMPOSITE type=androidx.compose.ui.text.style.TextOverflow origin=DEFAULT_VALUE
                                      CALL 'public final fun <unsafe-coerce> <T, R> (v: T of kotlin.jvm.internal.<unsafe-coerce>): R of kotlin.jvm.internal.<unsafe-coerce> declared in kotlin.jvm.internal' type=androidx.compose.ui.text.style.TextOverflow origin=null
                                        TYPE_ARG T: kotlin.Int
                                        TYPE_ARG R: androidx.compose.ui.text.style.TextOverflow
                                        ARG v: CONST Int type=kotlin.Int value=0
                                    ARG softWrap: COMPOSITE type=kotlin.Boolean origin=DEFAULT_VALUE
                                      CONST Boolean type=kotlin.Boolean value=false
                                    ARG maxLines: COMPOSITE type=kotlin.Int origin=DEFAULT_VALUE
                                      CONST Int type=kotlin.Int value=0
                                    ARG minLines: COMPOSITE type=kotlin.Int origin=DEFAULT_VALUE
                                      CONST Int type=kotlin.Int value=0
                                    ARG onTextLayout: COMPOSITE type=kotlin.Function1<androidx.compose.ui.text.TextLayoutResult, kotlin.Unit>? origin=DEFAULT_VALUE
                                      CONST Null type=kotlin.Function1<androidx.compose.ui.text.TextLayoutResult, kotlin.Unit>? value=null
                                    ARG style: GET_VAR 'val tmp4_style: androidx.compose.ui.text.TextStyle [val] declared in com.template.app.presentation.home.HomeScreenKt.HomeScreen$lambda$2$0$0.HomeScreen$lambda$2$0$0$0.<no name provided>.invoke.invoke$lambda$0' type=androidx.compose.ui.text.TextStyle origin=null
                                    ARG $mask0: CONST Int type=kotlin.Int value=65530
                                    ARG $handler: CONST Null type=kotlin.Any? value=null
                          ARG $mask0: CONST Int type=kotlin.Int value=6
                          ARG $handler: CONST Null type=kotlin.Any? value=null
                    FIELD FIELD_FOR_CAPTURED_VALUE name:$item type:com.template.app.domain.model.ExampleItem visibility:public/*package*/ [final]
                    FUN BRIDGE name:invoke visibility:public modality:OPEN returnType:kotlin.Any?
                      VALUE_PARAMETER INSTANCE_RECEIVER kind:DispatchReceiver name:<this> index:0 type:com.template.app.presentation.home.HomeScreenKt.HomeScreen$lambda$2$0$0.HomeScreen$lambda$2$0$0$0.<no name provided>
                      VALUE_PARAMETER kind:Regular name:p1 index:1 type:kotlin.Any?
                      EXPRESSION_BODY
                        RETURN type=kotlin.Nothing from='public open fun invoke (p1: kotlin.Any?): kotlin.Any? declared in com.template.app.presentation.home.HomeScreenKt.HomeScreen$lambda$2$0$0.HomeScreen$lambda$2$0$0$0.<no name provided>'
                          CALL 'public final fun invoke ($this$Card: androidx.compose.foundation.layout.ColumnScope): kotlin.Unit declared in com.template.app.presentation.home.HomeScreenKt.HomeScreen$lambda$2$0$0.HomeScreen$lambda$2$0$0$0.<no name provided>' type=kotlin.Unit origin=BRIDGE_DELEGATION
                            ARG <this>: GET_VAR '<this>: com.template.app.presentation.home.HomeScreenKt.HomeScreen$lambda$2$0$0.HomeScreen$lambda$2$0$0$0.<no name provided> declared in com.template.app.presentation.home.HomeScreenKt.HomeScreen$lambda$2$0$0.HomeScreen$lambda$2$0$0$0.<no name provided>.invoke' type=com.template.app.presentation.home.HomeScreenKt.HomeScreen$lambda$2$0$0.HomeScreen$lambda$2$0$0$0.<no name provided> origin=null
                            ARG $this$Card: TYPE_OP type=androidx.compose.foundation.layout.ColumnScope origin=IMPLICIT_CAST typeOperand=androidx.compose.foundation.layout.ColumnScope
                              GET_VAR 'p1: kotlin.Any? declared in com.template.app.presentation.home.HomeScreenKt.HomeScreen$lambda$2$0$0.HomeScreen$lambda$2$0$0$0.<no name provided>.invoke' type=kotlin.Any? origin=null
                  CONSTRUCTOR_CALL 'public/*package*/ constructor <init> ($item: com.template.app.domain.model.ExampleItem) [primary] declared in com.template.app.presentation.home.HomeScreenKt.HomeScreen$lambda$2$0$0.HomeScreen$lambda$2$0$0$0.<no name provided>' type=com.template.app.presentation.home.HomeScreenKt.HomeScreen$lambda$2$0$0.HomeScreen$lambda$2$0$0$0.<no name provided> origin=null
                    ARG $item: GET_VAR 'item: com.template.app.domain.model.ExampleItem declared in com.template.app.presentation.home.HomeScreenKt.HomeScreen$lambda$2$0$0.HomeScreen$lambda$2$0$0$0' type=com.template.app.domain.model.ExampleItem origin=null
                ARG $mask0: CONST Int type=kotlin.Int value=220
                ARG $handler: CONST Null type=kotlin.Any? value=null
      ARG $mask0: CONST Int type=kotlin.Int value=6
      ARG $handler: CONST Null type=kotlin.Any? value=null

	at org.jetbrains.kotlin.backend.jvm.codegen.FunctionCodegen.generate(FunctionCodegen.kt:57)
	at org.jetbrains.kotlin.backend.jvm.codegen.FunctionCodegen.generate$default(FunctionCodegen.kt:50)
	at org.jetbrains.kotlin.backend.jvm.codegen.ClassCodegen.generateMethodNode(ClassCodegen.kt:428)
	at org.jetbrains.kotlin.backend.jvm.codegen.ClassCodegen.generateMethod(ClassCodegen.kt:445)
	at org.jetbrains.kotlin.backend.jvm.codegen.ClassCodegen.generate(ClassCodegen.kt:168)
	at org.jetbrains.kotlin.backend.jvm.JvmIrCodegenFactory.generateFile(JvmIrCodegenFactory.kt:467)
	at org.jetbrains.kotlin.backend.jvm.JvmIrCodegenFactory.invokeCodegen(JvmIrCodegenFactory.kt:433)
	at org.jetbrains.kotlin.cli.jvm.compiler.KotlinToJVMBytecodeCompiler.runCodegen$cli(KotlinToJVMBytecodeCompiler.kt:409)
	at org.jetbrains.kotlin.cli.pipeline.jvm.JvmBackendPipelinePhase.executePhase(JvmBackendPipelinePhase.kt:89)
	at org.jetbrains.kotlin.cli.pipeline.jvm.JvmBackendPipelinePhase.executePhase(JvmBackendPipelinePhase.kt:27)
	at org.jetbrains.kotlin.cli.pipeline.PipelinePhase.phaseBody(PipelinePhase.kt:68)
	at org.jetbrains.kotlin.cli.pipeline.PipelinePhase.phaseBody(PipelinePhase.kt:58)
	at org.jetbrains.kotlin.config.phaser.NamedCompilerPhase.invoke(CompilerPhase.kt:102)
	at org.jetbrains.kotlin.backend.common.phaser.CompositePhase.invoke(PhaseBuilders.kt:22)
	at org.jetbrains.kotlin.config.phaser.CompilerPhaseKt.invokeToplevel(CompilerPhase.kt:53)
	at org.jetbrains.kotlin.cli.pipeline.AbstractCliPipeline.runPhasedPipeline(AbstractCliPipeline.kt:109)
	at org.jetbrains.kotlin.cli.pipeline.AbstractCliPipeline.execute(AbstractCliPipeline.kt:68)
	at org.jetbrains.kotlin.cli.jvm.K2JVMCompiler.doExecutePhased(K2JVMCompiler.kt:51)
	at org.jetbrains.kotlin.cli.jvm.K2JVMCompiler.doExecutePhased(K2JVMCompiler.kt:42)
	at org.jetbrains.kotlin.cli.common.CLICompiler.execImpl(CLICompiler.kt:91)
	at org.jetbrains.kotlin.cli.common.CLICompiler.exec(CLICompiler.kt:363)
	at org.jetbrains.kotlin.incremental.IncrementalJvmCompilerRunnerBase.runCompiler(IncrementalJvmCompilerRunnerBase.kt:210)
	at org.jetbrains.kotlin.incremental.IncrementalJvmCompilerRunnerBase.runCompiler(IncrementalJvmCompilerRunnerBase.kt:52)
	at org.jetbrains.kotlin.incremental.IncrementalCompilerRunner.doCompile(IncrementalCompilerRunner.kt:510)
	at org.jetbrains.kotlin.incremental.IncrementalCompilerRunner.compileImpl(IncrementalCompilerRunner.kt:422)
	at org.jetbrains.kotlin.incremental.IncrementalCompilerRunner.compileNonIncrementally(IncrementalCompilerRunner.kt:304)
	at org.jetbrains.kotlin.incremental.IncrementalCompilerRunner.compile(IncrementalCompilerRunner.kt:131)
	at org.jetbrains.kotlin.daemon.CompileServiceImplBase.execIncrementalCompiler(CompileServiceImpl.kt:764)
	at org.jetbrains.kotlin.daemon.CompileServiceImplBase.access$execIncrementalCompiler(CompileServiceImpl.kt:107)
	at org.jetbrains.kotlin.daemon.CompileServiceImpl.compile(CompileServiceImpl.kt:2026)
	at java.base/jdk.internal.reflect.DirectMethodHandleAccessor.invoke(Unknown Source)
	at java.base/java.lang.reflect.Method.invoke(Unknown Source)
	at java.rmi/sun.rmi.server.UnicastServerRef.dispatch(Unknown Source)
	at java.rmi/sun.rmi.transport.Transport.serviceCall(Unknown Source)
	at java.rmi/sun.rmi.transport.tcp.TCPTransport.handleMessages(Unknown Source)
	at java.rmi/sun.rmi.transport.tcp.TCPTransport$ConnectionHandler.run0(Unknown Source)
	at java.rmi/sun.rmi.transport.tcp.TCPTransport$ConnectionHandler.run(Unknown Source)
	at java.base/java.util.concurrent.ThreadPoolExecutor.runWorker(Unknown Source)
	at java.base/java.util.concurrent.ThreadPoolExecutor$Worker.run(Unknown Source)
	at java.base/java.lang.Thread.run(Unknown Source)
Caused by: java.lang.RuntimeException: Exception while generating code for:
FUN INLINE_LAMBDA name:HomeScreen$lambda$2$0$0$0 visibility:private modality:FINAL returnType:kotlin.Unit
  VALUE_PARAMETER BOUND_VALUE_PARAMETER kind:Regular name:$onItemClick index:0 type:kotlin.Function1<com.template.app.domain.model.ExampleItem, kotlin.Unit>
  VALUE_PARAMETER BOUND_RECEIVER_PARAMETER kind:Regular name:$this$items index:1 type:androidx.compose.foundation.lazy.LazyItemScope
  VALUE_PARAMETER kind:Regular name:item index:2 type:com.template.app.domain.model.ExampleItem
  BLOCK_BODY
    VAR name:$i$a$-items$default-HomeScreenKt$HomeScreen$2$1$1$1 type:kotlin.Int [val]
      CONST Int type=kotlin.Int value=0
    BLOCK type=kotlin.Unit origin=ARGUMENTS_REORDERING_FOR_CALL
      VAR IR_TEMPORARY_VARIABLE name:tmp0_modifier type:androidx.compose.ui.Modifier [val]
        CALL 'public final fun fillMaxWidth$default (<this>: androidx.compose.ui.Modifier, fraction: kotlin.Float, $mask0: kotlin.Int, $handler: kotlin.Any?): androidx.compose.ui.Modifier declared in androidx.compose.foundation.layout.SizeKt' type=androidx.compose.ui.Modifier origin=DEFAULT_DISPATCH_CALL
          ARG <this>: GET_FIELD 'FIELD FIELD_FOR_OBJECT_INSTANCE name:Companion type:androidx.compose.ui.Modifier.Companion visibility:public [final,static] declared in androidx.compose.ui.Modifier' type=androidx.compose.ui.Modifier.Companion origin=null
          ARG fraction: COMPOSITE type=kotlin.Float origin=DEFAULT_VALUE
            CONST Float type=kotlin.Float value=0.0
          ARG $mask0: CONST Int type=kotlin.Int value=1
          ARG $handler: CONST Null type=kotlin.Any? value=null
      VAR IR_TEMPORARY_VARIABLE name:tmp1_elevation type:androidx.compose.material3.CardElevation [val]
        CALL 'public final fun cardElevation-i0G_0kk$default ($this: androidx.compose.material3.CardDefaults, defaultElevation: androidx.compose.ui.unit.Dp, pressedElevation: androidx.compose.ui.unit.Dp, focusedElevation: androidx.compose.ui.unit.Dp, hoveredElevation: androidx.compose.ui.unit.Dp, draggedElevation: androidx.compose.ui.unit.Dp, disabledElevation: androidx.compose.ui.unit.Dp, $mask0: kotlin.Int, $handler: kotlin.Any?): androidx.compose.material3.CardElevation declared in androidx.compose.material3.CardDefaults' type=androidx.compose.material3.CardElevation origin=DEFAULT_DISPATCH_CALL
          ARG $this: GET_FIELD 'FIELD FIELD_FOR_OBJECT_INSTANCE name:INSTANCE type:androidx.compose.material3.CardDefaults visibility:public [final,static] declared in androidx.compose.material3.CardDefaults' type=androidx.compose.material3.CardDefaults origin=null
          ARG defaultElevation: CALL 'public final fun <get-dp> (<this>: kotlin.Int): androidx.compose.ui.unit.Dp [inline] declared in androidx.compose.ui.unit.DpKt' type=androidx.compose.ui.unit.Dp origin=GET_PROPERTY
            ARG <this>: CONST Int type=kotlin.Int value=4
          ARG pressedElevation: COMPOSITE type=androidx.compose.ui.unit.Dp origin=DEFAULT_VALUE
            CALL 'public final fun <unsafe-coerce> <T, R> (v: T of kotlin.jvm.internal.<unsafe-coerce>): R of kotlin.jvm.internal.<unsafe-coerce> declared in kotlin.jvm.internal' type=androidx.compose.ui.unit.Dp origin=null
              TYPE_ARG T: kotlin.Float
              TYPE_ARG R: androidx.compose.ui.unit.Dp
              ARG v: CONST Float type=kotlin.Float value=0.0
          ARG focusedElevation: COMPOSITE type=androidx.compose.ui.unit.Dp origin=DEFAULT_VALUE
            CALL 'public final fun <unsafe-coerce> <T, R> (v: T of kotlin.jvm.internal.<unsafe-coerce>): R of kotlin.jvm.internal.<unsafe-coerce> declared in kotlin.jvm.internal' type=androidx.compose.ui.unit.Dp origin=null
              TYPE_ARG T: kotlin.Float
              TYPE_ARG R: androidx.compose.ui.unit.Dp
              ARG v: CONST Float type=kotlin.Float value=0.0
          ARG hoveredElevation: COMPOSITE type=androidx.compose.ui.unit.Dp origin=DEFAULT_VALUE
            CALL 'public final fun <unsafe-coerce> <T, R> (v: T of kotlin.jvm.internal.<unsafe-coerce>): R of kotlin.jvm.internal.<unsafe-coerce> declared in kotlin.jvm.internal' type=androidx.compose.ui.unit.Dp origin=null
              TYPE_ARG T: kotlin.Float
              TYPE_ARG R: androidx.compose.ui.unit.Dp
              ARG v: CONST Float type=kotlin.Float value=0.0
          ARG draggedElevation: COMPOSITE type=androidx.compose.ui.unit.Dp origin=DEFAULT_VALUE
            CALL 'public final fun <unsafe-coerce> <T, R> (v: T of kotlin.jvm.internal.<unsafe-coerce>): R of kotlin.jvm.internal.<unsafe-coerce> declared in kotlin.jvm.internal' type=androidx.compose.ui.unit.Dp origin=null
              TYPE_ARG T: kotlin.Float
              TYPE_ARG R: androidx.compose.ui.unit.Dp
              ARG v: CONST Float type=kotlin.Float value=0.0
          ARG disabledElevation: COMPOSITE type=androidx.compose.ui.unit.Dp origin=DEFAULT_VALUE
            CALL 'public final fun <unsafe-coerce> <T, R> (v: T of kotlin.jvm.internal.<unsafe-coerce>): R of kotlin.jvm.internal.<unsafe-coerce> declared in kotlin.jvm.internal' type=androidx.compose.ui.unit.Dp origin=null
              TYPE_ARG T: kotlin.Float
              TYPE_ARG R: androidx.compose.ui.unit.Dp
              ARG v: CONST Float type=kotlin.Float value=0.0
          ARG $mask0: CONST Int type=kotlin.Int value=62
          ARG $handler: CONST Null type=kotlin.Any? value=null
      CALL 'public final fun Card$default (onClick: kotlin.Function0<kotlin.Unit>, modifier: androidx.compose.ui.Modifier?, enabled: kotlin.Boolean, shape: androidx.compose.ui.graphics.Shape?, colors: androidx.compose.material3.CardColors?, elevation: androidx.compose.material3.CardElevation?, border: androidx.compose.foundation.BorderStroke?, interactionSource: androidx.compose.foundation.interaction.MutableInteractionSource?, content: @[Composable] @[ExtensionFunctionType] kotlin.Function1<androidx.compose.foundation.layout.ColumnScope, kotlin.Unit>, $mask0: kotlin.Int, $handler: kotlin.Any?): kotlin.Unit declared in androidx.compose.material3.CardKt' type=kotlin.Unit origin=DEFAULT_DISPATCH_CALL
        ARG onClick: BLOCK type=com.template.app.presentation.home.HomeScreenKt.HomeScreen$lambda$2$0$0.HomeScreen$lambda$2$0$0$0.<no name provided> origin=null
          CLASS LAMBDA_IMPL CLASS name:<no name provided> modality:FINAL visibility:public/*package*/ superTypes:[kotlin.Any; kotlin.Function0<kotlin.Unit>]
            thisReceiver: VALUE_PARAMETER INSTANCE_RECEIVER kind:DispatchReceiver name:<this> type:com.template.app.presentation.home.HomeScreenKt.HomeScreen$lambda$2$0$0.HomeScreen$lambda$2$0$0$0.<no name provided>
            CONSTRUCTOR GENERATED_MEMBER_IN_CALLABLE_REFERENCE visibility:public/*package*/ returnType:com.template.app.presentation.home.HomeScreenKt.HomeScreen$lambda$2$0$0.HomeScreen$lambda$2$0$0$0.<no name provided> [primary]
              VALUE_PARAMETER BOUND_VALUE_PARAMETER kind:Regular name:$onItemClick index:0 type:kotlin.Function1<com.template.app.domain.model.ExampleItem, kotlin.Unit>
              VALUE_PARAMETER BOUND_VALUE_PARAMETER kind:Regular name:$item index:1 type:com.template.app.domain.model.ExampleItem
              BLOCK_BODY
                SET_FIELD 'FIELD FIELD_FOR_CAPTURED_VALUE name:$onItemClick type:kotlin.Function1<com.template.app.domain.model.ExampleItem, kotlin.Unit> visibility:public/*package*/ [final] declared in com.template.app.presentation.home.HomeScreenKt.HomeScreen$lambda$2$0$0.HomeScreen$lambda$2$0$0$0.<no name provided>' type=kotlin.Unit origin=INITIALIZER_OF_FIELD_FOR_CAPTURED_VALUE
                  receiver: GET_VAR '<this>: com.template.app.presentation.home.HomeScreenKt.HomeScreen$lambda$2$0$0.HomeScreen$lambda$2$0$0$0.<no name provided> declared in com.template.app.presentation.home.HomeScreenKt.HomeScreen$lambda$2$0$0.HomeScreen$lambda$2$0$0$0.<no name provided>' type=com.template.app.presentation.home.HomeScreenKt.HomeScreen$lambda$2$0$0.HomeScreen$lambda$2$0$0$0.<no name provided> origin=null
                  value: GET_VAR '$onItemClick: kotlin.Function1<com.template.app.domain.model.ExampleItem, kotlin.Unit> declared in com.template.app.presentation.home.HomeScreenKt.HomeScreen$lambda$2$0$0.HomeScreen$lambda$2$0$0$0.<no name provided>.<init>' type=kotlin.Function1<com.template.app.domain.model.ExampleItem, kotlin.Unit> origin=null
                SET_FIELD 'FIELD FIELD_FOR_CAPTURED_VALUE name:$item type:com.template.app.domain.model.ExampleItem visibility:public/*package*/ [final] declared in com.template.app.presentation.home.HomeScreenKt.HomeScreen$lambda$2$0$0.HomeScreen$lambda$2$0$0$0.<no name provided>' type=kotlin.Unit origin=INITIALIZER_OF_FIELD_FOR_CAPTURED_VALUE
                  receiver: GET_VAR '<this>: com.template.app.presentation.home.HomeScreenKt.HomeScreen$lambda$2$0$0.HomeScreen$lambda$2$0$0$0.<no name provided> declared in com.template.app.presentation.home.HomeScreenKt.HomeScreen$lambda$2$0$0.HomeScreen$lambda$2$0$0$0.<no name provided>' type=com.template.app.presentation.home.HomeScreenKt.HomeScreen$lambda$2$0$0.HomeScreen$lambda$2$0$0$0.<no name provided> origin=null
                  value: GET_VAR '$item: com.template.app.domain.model.ExampleItem declared in com.template.app.presentation.home.HomeScreenKt.HomeScreen$lambda$2$0$0.HomeScreen$lambda$2$0$0$0.<no name provided>.<init>' type=com.template.app.domain.model.ExampleItem origin=null
                DELEGATING_CONSTRUCTOR_CALL 'public constructor <init> () [primary] declared in kotlin.Any'
                BLOCK type=kotlin.Unit origin=null
            FUN name:invoke visibility:public modality:FINAL returnType:kotlin.Unit
              VALUE_PARAMETER INSTANCE_RECEIVER kind:DispatchReceiver name:<this> index:0 type:com.template.app.presentation.home.HomeScreenKt.HomeScreen$lambda$2$0$0.HomeScreen$lambda$2$0$0$0.<no name provided>
              overridden:
                public abstract fun invoke (): R of kotlin.Function0 [operator] declared in kotlin.Function0
              BLOCK_BODY
                CALL 'public abstract fun invoke (p1: P1 of kotlin.Function1): R of kotlin.Function1 [operator] declared in kotlin.Function1' type=kotlin.Unit origin=INVOKE
                  ARG <this>: GET_FIELD 'FIELD FIELD_FOR_CAPTURED_VALUE name:$onItemClick type:kotlin.Function1<com.template.app.domain.model.ExampleItem, kotlin.Unit> visibility:public/*package*/ [final] declared in com.template.app.presentation.home.HomeScreenKt.HomeScreen$lambda$2$0$0.HomeScreen$lambda$2$0$0$0.<no name provided>' type=kotlin.Function1<com.template.app.domain.model.ExampleItem, kotlin.Unit> origin=null
                    receiver: GET_VAR '<this>: com.template.app.presentation.home.HomeScreenKt.HomeScreen$lambda$2$0$0.HomeScreen$lambda$2$0$0$0.<no name provided> declared in com.template.app.presentation.home.HomeScreenKt.HomeScreen$lambda$2$0$0.HomeScreen$lambda$2$0$0$0.<no name provided>.invoke' type=com.template.app.presentation.home.HomeScreenKt.HomeScreen$lambda$2$0$0.HomeScreen$lambda$2$0$0$0.<no name provided> origin=null
                  ARG p1: GET_FIELD 'FIELD FIELD_FOR_CAPTURED_VALUE name:$item type:com.template.app.domain.model.ExampleItem visibility:public/*package*/ [final] declared in com.template.app.presentation.home.HomeScreenKt.HomeScreen$lambda$2$0$0.HomeScreen$lambda$2$0$0$0.<no name provided>' type=com.template.app.domain.model.ExampleItem origin=null
                    receiver: GET_VAR '<this>: com.template.app.presentation.home.HomeScreenKt.HomeScreen$lambda$2$0$0.HomeScreen$lambda$2$0$0$0.<no name provided> declared in com.template.app.presentation.home.HomeScreenKt.HomeScreen$lambda$2$0$0.HomeScreen$lambda$2$0$0$0.<no name provided>.invoke' type=com.template.app.presentation.home.HomeScreenKt.HomeScreen$lambda$2$0$0.HomeScreen$lambda$2$0$0$0.<no name provided> origin=null
            FIELD FIELD_FOR_CAPTURED_VALUE name:$onItemClick type:kotlin.Function1<com.template.app.domain.model.ExampleItem, kotlin.Unit> visibility:public/*package*/ [final]
            FIELD FIELD_FOR_CAPTURED_VALUE name:$item type:com.template.app.domain.model.ExampleItem visibility:public/*package*/ [final]
            FUN BRIDGE name:invoke visibility:public modality:OPEN returnType:kotlin.Any?
              VALUE_PARAMETER INSTANCE_RECEIVER kind:DispatchReceiver name:<this> index:0 type:com.template.app.presentation.home.HomeScreenKt.HomeScreen$lambda$2$0$0.HomeScreen$lambda$2$0$0$0.<no name provided>
              EXPRESSION_BODY
                RETURN type=kotlin.Nothing from='public open fun invoke (): kotlin.Any? declared in com.template.app.presentation.home.HomeScreenKt.HomeScreen$lambda$2$0$0.HomeScreen$lambda$2$0$0$0.<no name provided>'
                  CALL 'public final fun invoke (): kotlin.Unit declared in com.template.app.presentation.home.HomeScreenKt.HomeScreen$lambda$2$0$0.HomeScreen$lambda$2$0$0$0.<no name provided>' type=kotlin.Unit origin=BRIDGE_DELEGATION
                    ARG <this>: GET_VAR '<this>: com.template.app.presentation.home.HomeScreenKt.HomeScreen$lambda$2$0$0.HomeScreen$lambda$2$0$0$0.<no name provided> declared in com.template.app.presentation.home.HomeScreenKt.HomeScreen$lambda$2$0$0.HomeScreen$lambda$2$0$0$0.<no name provided>.invoke' type=com.template.app.presentation.home.HomeScreenKt.HomeScreen$lambda$2$0$0.HomeScreen$lambda$2$0$0$0.<no name provided> origin=null
          CONSTRUCTOR_CALL 'public/*package*/ constructor <init> ($onItemClick: kotlin.Function1<com.template.app.domain.model.ExampleItem, kotlin.Unit>, $item: com.template.app.domain.model.ExampleItem) [primary] declared in com.template.app.presentation.home.HomeScreenKt.HomeScreen$lambda$2$0$0.HomeScreen$lambda$2$0$0$0.<no name provided>' type=com.template.app.presentation.home.HomeScreenKt.HomeScreen$lambda$2$0$0.HomeScreen$lambda$2$0$0$0.<no name provided> origin=null
            ARG $onItemClick: GET_VAR '$onItemClick: kotlin.Function1<com.template.app.domain.model.ExampleItem, kotlin.Unit> declared in com.template.app.presentation.home.HomeScreenKt.HomeScreen$lambda$2$0$0.HomeScreen$lambda$2$0$0$0' type=kotlin.Function1<com.template.app.domain.model.ExampleItem, kotlin.Unit> origin=null
            ARG $item: GET_VAR 'item: com.template.app.domain.model.ExampleItem declared in com.template.app.presentation.home.HomeScreenKt.HomeScreen$lambda$2$0$0.HomeScreen$lambda$2$0$0$0' type=com.template.app.domain.model.ExampleItem origin=null
        ARG modifier: GET_VAR 'val tmp0_modifier: androidx.compose.ui.Modifier [val] declared in com.template.app.presentation.home.HomeScreenKt.HomeScreen$lambda$2$0$0.HomeScreen$lambda$2$0$0$0' type=androidx.compose.ui.Modifier origin=null
        ARG enabled: COMPOSITE type=kotlin.Boolean origin=DEFAULT_VALUE
          CONST Boolean type=kotlin.Boolean value=false
        ARG shape: COMPOSITE type=androidx.compose.ui.graphics.Shape? origin=DEFAULT_VALUE
          CONST Null type=androidx.compose.ui.graphics.Shape? value=null
        ARG colors: COMPOSITE type=androidx.compose.material3.CardColors? origin=DEFAULT_VALUE
          CONST Null type=androidx.compose.material3.CardColors? value=null
        ARG elevation: GET_VAR 'val tmp1_elevation: androidx.compose.material3.CardElevation [val] declared in com.template.app.presentation.home.HomeScreenKt.HomeScreen$lambda$2$0$0.HomeScreen$lambda$2$0$0$0' type=androidx.compose.material3.CardElevation origin=null
        ARG border: COMPOSITE type=androidx.compose.foundation.BorderStroke? origin=DEFAULT_VALUE
          CONST Null type=androidx.compose.foundation.BorderStroke? value=null
        ARG interactionSource: COMPOSITE type=androidx.compose.foundation.interaction.MutableInteractionSource? origin=DEFAULT_VALUE
          CONST Null type=androidx.compose.foundation.interaction.MutableInteractionSource? value=null
        ARG content: BLOCK type=com.template.app.presentation.home.HomeScreenKt.HomeScreen$lambda$2$0$0.HomeScreen$lambda$2$0$0$0.<no name provided> origin=null
          CLASS LAMBDA_IMPL CLASS name:<no name provided> modality:FINAL visibility:public/*package*/ superTypes:[kotlin.Any; kotlin.Function1<androidx.compose.foundation.layout.ColumnScope, kotlin.Unit>]
            thisReceiver: VALUE_PARAMETER INSTANCE_RECEIVER kind:DispatchReceiver name:<this> type:com.template.app.presentation.home.HomeScreenKt.HomeScreen$lambda$2$0$0.HomeScreen$lambda$2$0$0$0.<no name provided>
            CONSTRUCTOR GENERATED_MEMBER_IN_CALLABLE_REFERENCE visibility:public/*package*/ returnType:com.template.app.presentation.home.HomeScreenKt.HomeScreen$lambda$2$0$0.HomeScreen$lambda$2$0$0$0.<no name provided> [primary]
              VALUE_PARAMETER BOUND_VALUE_PARAMETER kind:Regular name:$item index:0 type:com.template.app.domain.model.ExampleItem
              BLOCK_BODY
                SET_FIELD 'FIELD FIELD_FOR_CAPTURED_VALUE name:$item type:com.template.app.domain.model.ExampleItem visibility:public/*package*/ [final] declared in com.template.app.presentation.home.HomeScreenKt.HomeScreen$lambda$2$0$0.HomeScreen$lambda$2$0$0$0.<no name provided>' type=kotlin.Unit origin=INITIALIZER_OF_FIELD_FOR_CAPTURED_VALUE
                  receiver: GET_VAR '<this>: com.template.app.presentation.home.HomeScreenKt.HomeScreen$lambda$2$0$0.HomeScreen$lambda$2$0$0$0.<no name provided> declared in com.template.app.presentation.home.HomeScreenKt.HomeScreen$lambda$2$0$0.HomeScreen$lambda$2$0$0$0.<no name provided>' type=com.template.app.presentation.home.HomeScreenKt.HomeScreen$lambda$2$0$0.HomeScreen$lambda$2$0$0$0.<no name provided> origin=null
                  value: GET_VAR '$item: com.template.app.domain.model.ExampleItem declared in com.template.app.presentation.home.HomeScreenKt.HomeScreen$lambda$2$0$0.HomeScreen$lambda$2$0$0$0.<no name provided>.<init>' type=com.template.app.domain.model.ExampleItem origin=null
                DELEGATING_CONSTRUCTOR_CALL 'public constructor <init> () [primary] declared in kotlin.Any'
                BLOCK type=kotlin.Unit origin=null
            FUN name:invoke visibility:public modality:FINAL returnType:kotlin.Unit
              VALUE_PARAMETER INSTANCE_RECEIVER kind:DispatchReceiver name:<this> index:0 type:com.template.app.presentation.home.HomeScreenKt.HomeScreen$lambda$2$0$0.HomeScreen$lambda$2$0$0$0.<no name provided>
              VALUE_PARAMETER kind:Regular name:$this$Card index:1 type:androidx.compose.foundation.layout.ColumnScope
              overridden:
                public abstract fun invoke (p1: P1 of kotlin.Function1): R of kotlin.Function1 [operator] declared in kotlin.Function1
              BLOCK_BODY
                CALL 'public final fun Column$default (modifier: androidx.compose.ui.Modifier?, verticalArrangement: androidx.compose.foundation.layout.Arrangement.Vertical?, horizontalAlignment: androidx.compose.ui.Alignment.Horizontal?, content: @[Composable] @[ExtensionFunctionType] kotlin.Function1<androidx.compose.foundation.layout.ColumnScope, kotlin.Unit>, $mask0: kotlin.Int, $handler: kotlin.Any?): kotlin.Unit [inline] declared in androidx.compose.foundation.layout.ColumnKt' type=kotlin.Unit origin=DEFAULT_DISPATCH_CALL
                  ARG modifier: CALL 'public final fun padding-3ABfNKs ($this$padding: androidx.compose.ui.Modifier, all: androidx.compose.ui.unit.Dp): androidx.compose.ui.Modifier declared in androidx.compose.foundation.layout.PaddingKt' type=androidx.compose.ui.Modifier origin=null
                    ARG $this$padding: GET_FIELD 'FIELD FIELD_FOR_OBJECT_INSTANCE name:Companion type:androidx.compose.ui.Modifier.Companion visibility:public [final,static] declared in androidx.compose.ui.Modifier' type=androidx.compose.ui.Modifier.Companion origin=null
                    ARG all: CALL 'public final fun <get-dp> (<this>: kotlin.Int): androidx.compose.ui.unit.Dp [inline] declared in androidx.compose.ui.unit.DpKt' type=androidx.compose.ui.unit.Dp origin=GET_PROPERTY
                      ARG <this>: CONST Int type=kotlin.Int value=16
                  ARG verticalArrangement: COMPOSITE type=androidx.compose.foundation.layout.Arrangement.Vertical? origin=DEFAULT_VALUE
                    CONST Null type=androidx.compose.foundation.layout.Arrangement.Vertical? value=null
                  ARG horizontalAlignment: COMPOSITE type=androidx.compose.ui.Alignment.Horizontal? origin=DEFAULT_VALUE
                    CONST Null type=androidx.compose.ui.Alignment.Horizontal? value=null
                  ARG content: RICH_FUNCTION_REFERENCE type=@[ExtensionFunctionType] kotlin.Function1<androidx.compose.foundation.layout.ColumnScope, kotlin.Unit> origin=INLINE_LAMBDA reflectionTarget='null'
                    overriddenFunctionSymbol: public abstract fun invoke (p1: P1 of kotlin.Function1): R of kotlin.Function1 [operator] declared in kotlin.Function1
                    bound $item: GET_FIELD 'FIELD FIELD_FOR_CAPTURED_VALUE name:$item type:com.template.app.domain.model.ExampleItem visibility:public/*package*/ [final] declared in com.template.app.presentation.home.HomeScreenKt.HomeScreen$lambda$2$0$0.HomeScreen$lambda$2$0$0$0.<no name provided>' type=com.template.app.domain.model.ExampleItem origin=null
                      receiver: GET_VAR '<this>: com.template.app.presentation.home.HomeScreenKt.HomeScreen$lambda$2$0$0.HomeScreen$lambda$2$0$0$0.<no name provided> declared in com.template.app.presentation.home.HomeScreenKt.HomeScreen$lambda$2$0$0.HomeScreen$lambda$2$0$0$0.<no name provided>.invoke' type=com.template.app.presentation.home.HomeScreenKt.HomeScreen$lambda$2$0$0.HomeScreen$lambda$2$0$0$0.<no name provided> origin=null
                    invoke: FUN INLINE_LAMBDA name:invoke$lambda$0 visibility:private modality:FINAL returnType:kotlin.Unit
                      VALUE_PARAMETER BOUND_VALUE_PARAMETER kind:Regular name:$item index:0 type:com.template.app.domain.model.ExampleItem
                      VALUE_PARAMETER BOUND_RECEIVER_PARAMETER kind:Regular name:$this$Column index:1 type:androidx.compose.foundation.layout.ColumnScope
                      BLOCK_BODY
                        VAR name:$i$a$-Column$default-HomeScreenKt$HomeScreen$2$1$1$1$2$1 type:kotlin.Int [val]
                          CONST Int type=kotlin.Int value=0
                        BLOCK type=kotlin.Unit origin=ARGUMENTS_REORDERING_FOR_CALL
                          VAR IR_TEMPORARY_VARIABLE name:tmp0_text type:kotlin.String [val]
                            CALL 'public final fun <get-title> (): kotlin.String declared in com.template.app.domain.model.ExampleItem' type=kotlin.String origin=GET_PROPERTY
                              ARG <this>: GET_VAR '$item: com.template.app.domain.model.ExampleItem declared in com.template.app.presentation.home.HomeScreenKt.HomeScreen$lambda$2$0$0.HomeScreen$lambda$2$0$0$0.<no name provided>.invoke.invoke$lambda$0' type=com.template.app.domain.model.ExampleItem origin=null
                          VAR IR_TEMPORARY_VARIABLE name:tmp1_style type:androidx.compose.ui.text.TextStyle [val]
                            CALL 'public final fun <get-titleLarge> (): androidx.compose.ui.text.TextStyle declared in androidx.compose.material3.Typography' type=androidx.compose.ui.text.TextStyle origin=GET_PROPERTY
                              ARG <this>: CALL 'public final fun <get-typography> (): androidx.compose.material3.Typography declared in androidx.compose.material3.MaterialTheme' type=androidx.compose.material3.Typography origin=GET_PROPERTY
                                ARG <this>: GET_FIELD 'FIELD FIELD_FOR_OBJECT_INSTANCE name:INSTANCE type:androidx.compose.material3.MaterialTheme visibility:public [final,static] declared in androidx.compose.material3.MaterialTheme' type=androidx.compose.material3.MaterialTheme origin=null
                          VAR IR_TEMPORARY_VARIABLE name:tmp2_color type:androidx.compose.ui.graphics.Color [val]
                            CALL 'public final fun getOnSurface-0d7_KjU (): androidx.compose.ui.graphics.Color declared in androidx.compose.material3.ColorScheme' type=androidx.compose.ui.graphics.Color origin=GET_PROPERTY
                              ARG <this>: CALL 'public final fun <get-colorScheme> (): androidx.compose.material3.ColorScheme declared in androidx.compose.material3.MaterialTheme' type=androidx.compose.material3.ColorScheme origin=GET_PROPERTY
                                ARG <this>: GET_FIELD 'FIELD FIELD_FOR_OBJECT_INSTANCE name:INSTANCE type:androidx.compose.material3.MaterialTheme visibility:public [final,static] declared in androidx.compose.material3.MaterialTheme' type=androidx.compose.material3.MaterialTheme origin=null
                          CALL 'public final fun Text-80ic1_w$default (text: kotlin.String, modifier: androidx.compose.ui.Modifier?, color: androidx.compose.ui.graphics.Color, fontSize: androidx.compose.ui.unit.TextUnit, fontStyle: androidx.compose.ui.text.font.FontStyle?, fontWeight: androidx.compose.ui.text.font.FontWeight?, fontFamily: androidx.compose.ui.text.font.FontFamily?, letterSpacing: androidx.compose.ui.unit.TextUnit, textDecoration: androidx.compose.ui.text.style.TextDecoration?, textAlign: androidx.compose.ui.text.style.TextAlign?, lineHeight: androidx.compose.ui.unit.TextUnit, overflow: androidx.compose.ui.text.style.TextOverflow, softWrap: kotlin.Boolean, maxLines: kotlin.Int, minLines: kotlin.Int, onTextLayout: kotlin.Function1<androidx.compose.ui.text.TextLayoutResult, kotlin.Unit>?, style: androidx.compose.ui.text.TextStyle?, $mask0: kotlin.Int, $handler: kotlin.Any?): kotlin.Unit declared in androidx.compose.material3.TextKt' type=kotlin.Unit origin=DEFAULT_DISPATCH_CALL
                            ARG text: GET_VAR 'val tmp0_text: kotlin.String [val] declared in com.template.app.presentation.home.HomeScreenKt.HomeScreen$lambda$2$0$0.HomeScreen$lambda$2$0$0$0.<no name provided>.invoke.invoke$lambda$0' type=kotlin.String origin=null
                            ARG modifier: COMPOSITE type=androidx.compose.ui.Modifier? origin=DEFAULT_VALUE
                              CONST Null type=androidx.compose.ui.Modifier? value=null
                            ARG color: GET_VAR 'val tmp2_color: androidx.compose.ui.graphics.Color [val] declared in com.template.app.presentation.home.HomeScreenKt.HomeScreen$lambda$2$0$0.HomeScreen$lambda$2$0$0$0.<no name provided>.invoke.invoke$lambda$0' type=androidx.compose.ui.graphics.Color origin=null
                            ARG fontSize: COMPOSITE type=androidx.compose.ui.unit.TextUnit origin=DEFAULT_VALUE
                              CALL 'public final fun <unsafe-coerce> <T, R> (v: T of kotlin.jvm.internal.<unsafe-coerce>): R of kotlin.jvm.internal.<unsafe-coerce> declared in kotlin.jvm.internal' type=androidx.compose.ui.unit.TextUnit origin=null
                                TYPE_ARG T: kotlin.Long
                                TYPE_ARG R: androidx.compose.ui.unit.TextUnit
                                ARG v: CONST Long type=kotlin.Long value=0
                            ARG fontStyle: COMPOSITE type=androidx.compose.ui.text.font.FontStyle? origin=DEFAULT_VALUE
                              CONST Null type=androidx.compose.ui.text.font.FontStyle? value=null
                            ARG fontWeight: COMPOSITE type=androidx.compose.ui.text.font.FontWeight? origin=DEFAULT_VALUE
                              CONST Null type=androidx.compose.ui.text.font.FontWeight? value=null
                            ARG fontFamily: COMPOSITE type=androidx.compose.ui.text.font.FontFamily? origin=DEFAULT_VALUE
                              CONST Null type=androidx.compose.ui.text.font.FontFamily? value=null
                            ARG letterSpacing: COMPOSITE type=androidx.compose.ui.unit.TextUnit origin=DEFAULT_VALUE
                              CALL 'public final fun <unsafe-coerce> <T, R> (v: T of kotlin.jvm.internal.<unsafe-coerce>): R of kotlin.jvm.internal.<unsafe-coerce> declared in kotlin.jvm.internal' type=androidx.compose.ui.unit.TextUnit origin=null
                                TYPE_ARG T: kotlin.Long
                                TYPE_ARG R: androidx.compose.ui.unit.TextUnit
                                ARG v: CONST Long type=kotlin.Long value=0
                            ARG textDecoration: COMPOSITE type=androidx.compose.ui.text.style.TextDecoration? origin=DEFAULT_VALUE
                              CONST Null type=androidx.compose.ui.text.style.TextDecoration? value=null
                            ARG textAlign: COMPOSITE type=androidx.compose.ui.text.style.TextAlign? origin=DEFAULT_VALUE
                              CONST Null type=androidx.compose.ui.text.style.TextAlign? value=null
                            ARG lineHeight: COMPOSITE type=androidx.compose.ui.unit.TextUnit origin=DEFAULT_VALUE
                              CALL 'public final fun <unsafe-coerce> <T, R> (v: T of kotlin.jvm.internal.<unsafe-coerce>): R of kotlin.jvm.internal.<unsafe-coerce> declared in kotlin.jvm.internal' type=androidx.compose.ui.unit.TextUnit origin=null
                                TYPE_ARG T: kotlin.Long
                                TYPE_ARG R: androidx.compose.ui.unit.TextUnit
                                ARG v: CONST Long type=kotlin.Long value=0
                            ARG overflow: COMPOSITE type=androidx.compose.ui.text.style.TextOverflow origin=DEFAULT_VALUE
                              CALL 'public final fun <unsafe-coerce> <T, R> (v: T of kotlin.jvm.internal.<unsafe-coerce>): R of kotlin.jvm.internal.<unsafe-coerce> declared in kotlin.jvm.internal' type=androidx.compose.ui.text.style.TextOverflow origin=null
                                TYPE_ARG T: kotlin.Int
                                TYPE_ARG R: androidx.compose.ui.text.style.TextOverflow
                                ARG v: CONST Int type=kotlin.Int value=0
                            ARG softWrap: COMPOSITE type=kotlin.Boolean origin=DEFAULT_VALUE
                              CONST Boolean type=kotlin.Boolean value=false
                            ARG maxLines: COMPOSITE type=kotlin.Int origin=DEFAULT_VALUE
                              CONST Int type=kotlin.Int value=0
                            ARG minLines: COMPOSITE type=kotlin.Int origin=DEFAULT_VALUE
                              CONST Int type=kotlin.Int value=0
                            ARG onTextLayout: COMPOSITE type=kotlin.Function1<androidx.compose.ui.text.TextLayoutResult, kotlin.Unit>? origin=DEFAULT_VALUE
                              CONST Null type=kotlin.Function1<androidx.compose.ui.text.TextLayoutResult, kotlin.Unit>? value=null
                            ARG style: GET_VAR 'val tmp1_style: androidx.compose.ui.text.TextStyle [val] declared in com.template.app.presentation.home.HomeScreenKt.HomeScreen$lambda$2$0$0.HomeScreen$lambda$2$0$0$0.<no name provided>.invoke.invoke$lambda$0' type=androidx.compose.ui.text.TextStyle origin=null
                            ARG $mask0: CONST Int type=kotlin.Int value=65530
                            ARG $handler: CONST Null type=kotlin.Any? value=null
                        CALL 'public final fun Spacer (modifier: androidx.compose.ui.Modifier): kotlin.Unit declared in androidx.compose.foundation.layout.SpacerKt' type=kotlin.Unit origin=null
                          ARG modifier: CALL 'public final fun padding-qDBjuR0$default ($this$padding: androidx.compose.ui.Modifier, start: androidx.compose.ui.unit.Dp, top: androidx.compose.ui.unit.Dp, end: androidx.compose.ui.unit.Dp, bottom: androidx.compose.ui.unit.Dp, $mask0: kotlin.Int, $handler: kotlin.Any?): androidx.compose.ui.Modifier declared in androidx.compose.foundation.layout.PaddingKt' type=androidx.compose.ui.Modifier origin=DEFAULT_DISPATCH_CALL
                            ARG $this$padding: GET_FIELD 'FIELD FIELD_FOR_OBJECT_INSTANCE name:Companion type:androidx.compose.ui.Modifier.Companion visibility:public [final,static] declared in androidx.compose.ui.Modifier' type=androidx.compose.ui.Modifier.Companion origin=null
                            ARG start: COMPOSITE type=androidx.compose.ui.unit.Dp origin=DEFAULT_VALUE
                              CALL 'public final fun <unsafe-coerce> <T, R> (v: T of kotlin.jvm.internal.<unsafe-coerce>): R of kotlin.jvm.internal.<unsafe-coerce> declared in kotlin.jvm.internal' type=androidx.compose.ui.unit.Dp origin=null
                                TYPE_ARG T: kotlin.Float
                                TYPE_ARG R: androidx.compose.ui.unit.Dp
                                ARG v: CONST Float type=kotlin.Float value=0.0
                            ARG top: CALL 'public final fun <get-dp> (<this>: kotlin.Int): androidx.compose.ui.unit.Dp [inline] declared in androidx.compose.ui.unit.DpKt' type=androidx.compose.ui.unit.Dp origin=GET_PROPERTY
                              ARG <this>: CONST Int type=kotlin.Int value=8
                            ARG end: COMPOSITE type=androidx.compose.ui.unit.Dp origin=DEFAULT_VALUE
                              CALL 'public final fun <unsafe-coerce> <T, R> (v: T of kotlin.jvm.internal.<unsafe-coerce>): R of kotlin.jvm.internal.<unsafe-coerce> declared in kotlin.jvm.internal' type=androidx.compose.ui.unit.Dp origin=null
                                TYPE_ARG T: kotlin.Float
                                TYPE_ARG R: androidx.compose.ui.unit.Dp
                                ARG v: CONST Float type=kotlin.Float value=0.0
                            ARG bottom: COMPOSITE type=androidx.compose.ui.unit.Dp origin=DEFAULT_VALUE
                              CALL 'public final fun <unsafe-coerce> <T, R> (v: T of kotlin.jvm.internal.<unsafe-coerce>): R of kotlin.jvm.internal.<unsafe-coerce> declared in kotlin.jvm.internal' type=androidx.compose.ui.unit.Dp origin=null
                                TYPE_ARG T: kotlin.Float
                                TYPE_ARG R: androidx.compose.ui.unit.Dp
                                ARG v: CONST Float type=kotlin.Float value=0.0
                            ARG $mask0: CONST Int type=kotlin.Int value=13
                            ARG $handler: CONST Null type=kotlin.Any? value=null
                        BLOCK type=kotlin.Unit origin=ARGUMENTS_REORDERING_FOR_CALL
                          VAR IR_TEMPORARY_VARIABLE name:tmp3_text type:kotlin.String [val]
                            CALL 'public final fun <get-description> (): kotlin.String declared in com.template.app.domain.model.ExampleItem' type=kotlin.String origin=GET_PROPERTY
                              ARG <this>: GET_VAR '$item: com.template.app.domain.model.ExampleItem declared in com.template.app.presentation.home.HomeScreenKt.HomeScreen$lambda$2$0$0.HomeScreen$lambda$2$0$0$0.<no name provided>.invoke.invoke$lambda$0' type=com.template.app.domain.model.ExampleItem origin=null
                          VAR IR_TEMPORARY_VARIABLE name:tmp4_style type:androidx.compose.ui.text.TextStyle [val]
                            CALL 'public final fun <get-bodyMedium> (): androidx.compose.ui.text.TextStyle declared in androidx.compose.material3.Typography' type=androidx.compose.ui.text.TextStyle origin=GET_PROPERTY
                              ARG <this>: CALL 'public final fun <get-typography> (): androidx.compose.material3.Typography declared in androidx.compose.material3.MaterialTheme' type=androidx.compose.material3.Typography origin=GET_PROPERTY
                                ARG <this>: GET_FIELD 'FIELD FIELD_FOR_OBJECT_INSTANCE name:INSTANCE type:androidx.compose.material3.MaterialTheme visibility:public [final,static] declared in androidx.compose.material3.MaterialTheme' type=androidx.compose.material3.MaterialTheme origin=null
                          VAR IR_TEMPORARY_VARIABLE name:tmp5_color type:androidx.compose.ui.graphics.Color [val]
                            CALL 'public final fun getOnSurfaceVariant-0d7_KjU (): androidx.compose.ui.graphics.Color declared in androidx.compose.material3.ColorScheme' type=androidx.compose.ui.graphics.Color origin=GET_PROPERTY
                              ARG <this>: CALL 'public final fun <get-colorScheme> (): androidx.compose.material3.ColorScheme declared in androidx.compose.material3.MaterialTheme' type=androidx.compose.material3.ColorScheme origin=GET_PROPERTY
                                ARG <this>: GET_FIELD 'FIELD FIELD_FOR_OBJECT_INSTANCE name:INSTANCE type:androidx.compose.material3.MaterialTheme visibility:public [final,static] declared in androidx.compose.material3.MaterialTheme' type=androidx.compose.material3.MaterialTheme origin=null
                          CALL 'public final fun Text-80ic1_w$default (text: kotlin.String, modifier: androidx.compose.ui.Modifier?, color: androidx.compose.ui.graphics.Color, fontSize: androidx.compose.ui.unit.TextUnit, fontStyle: androidx.compose.ui.text.font.FontStyle?, fontWeight: androidx.compose.ui.text.font.FontWeight?, fontFamily: androidx.compose.ui.text.font.FontFamily?, letterSpacing: androidx.compose.ui.unit.TextUnit, textDecoration: androidx.compose.ui.text.style.TextDecoration?, textAlign: androidx.compose.ui.text.style.TextAlign?, lineHeight: androidx.compose.ui.unit.TextUnit, overflow: androidx.compose.ui.text.style.TextOverflow, softWrap: kotlin.Boolean, maxLines: kotlin.Int, minLines: kotlin.Int, onTextLayout: kotlin.Function1<androidx.compose.ui.text.TextLayoutResult, kotlin.Unit>?, style: androidx.compose.ui.text.TextStyle?, $mask0: kotlin.Int, $handler: kotlin.Any?): kotlin.Unit declared in androidx.compose.material3.TextKt' type=kotlin.Unit origin=DEFAULT_DISPATCH_CALL
                            ARG text: GET_VAR 'val tmp3_text: kotlin.String [val] declared in com.template.app.presentation.home.HomeScreenKt.HomeScreen$lambda$2$0$0.HomeScreen$lambda$2$0$0$0.<no name provided>.invoke.invoke$lambda$0' type=kotlin.String origin=null
                            ARG modifier: COMPOSITE type=androidx.compose.ui.Modifier? origin=DEFAULT_VALUE
                              CONST Null type=androidx.compose.ui.Modifier? value=null
                            ARG color: GET_VAR 'val tmp5_color: androidx.compose.ui.graphics.Color [val] declared in com.template.app.presentation.home.HomeScreenKt.HomeScreen$lambda$2$0$0.HomeScreen$lambda$2$0$0$0.<no name provided>.invoke.invoke$lambda$0' type=androidx.compose.ui.graphics.Color origin=null
                            ARG fontSize: COMPOSITE type=androidx.compose.ui.unit.TextUnit origin=DEFAULT_VALUE
                              CALL 'public final fun <unsafe-coerce> <T, R> (v: T of kotlin.jvm.internal.<unsafe-coerce>): R of kotlin.jvm.internal.<unsafe-coerce> declared in kotlin.jvm.internal' type=androidx.compose.ui.unit.TextUnit origin=null
                                TYPE_ARG T: kotlin.Long
                                TYPE_ARG R: androidx.compose.ui.unit.TextUnit
                                ARG v: CONST Long type=kotlin.Long value=0
                            ARG fontStyle: COMPOSITE type=androidx.compose.ui.text.font.FontStyle? origin=DEFAULT_VALUE
                              CONST Null type=androidx.compose.ui.text.font.FontStyle? value=null
                            ARG fontWeight: COMPOSITE type=androidx.compose.ui.text.font.FontWeight? origin=DEFAULT_VALUE
                              CONST Null type=androidx.compose.ui.text.font.FontWeight? value=null
                            ARG fontFamily: COMPOSITE type=androidx.compose.ui.text.font.FontFamily? origin=DEFAULT_VALUE
                              CONST Null type=androidx.compose.ui.text.font.FontFamily? value=null
                            ARG letterSpacing: COMPOSITE type=androidx.compose.ui.unit.TextUnit origin=DEFAULT_VALUE
                              CALL 'public final fun <unsafe-coerce> <T, R> (v: T of kotlin.jvm.internal.<unsafe-coerce>): R of kotlin.jvm.internal.<unsafe-coerce> declared in kotlin.jvm.internal' type=androidx.compose.ui.unit.TextUnit origin=null
                                TYPE_ARG T: kotlin.Long
                                TYPE_ARG R: androidx.compose.ui.unit.TextUnit
                                ARG v: CONST Long type=kotlin.Long value=0
                            ARG textDecoration: COMPOSITE type=androidx.compose.ui.text.style.TextDecoration? origin=DEFAULT_VALUE
                              CONST Null type=androidx.compose.ui.text.style.TextDecoration? value=null
                            ARG textAlign: COMPOSITE type=androidx.compose.ui.text.style.TextAlign? origin=DEFAULT_VALUE
                              CONST Null type=androidx.compose.ui.text.style.TextAlign? value=null
                            ARG lineHeight: COMPOSITE type=androidx.compose.ui.unit.TextUnit origin=DEFAULT_VALUE
                              CALL 'public final fun <unsafe-coerce> <T, R> (v: T of kotlin.jvm.internal.<unsafe-coerce>): R of kotlin.jvm.internal.<unsafe-coerce> declared in kotlin.jvm.internal' type=androidx.compose.ui.unit.TextUnit origin=null
                                TYPE_ARG T: kotlin.Long
                                TYPE_ARG R: androidx.compose.ui.unit.TextUnit
                                ARG v: CONST Long type=kotlin.Long value=0
                            ARG overflow: COMPOSITE type=androidx.compose.ui.text.style.TextOverflow origin=DEFAULT_VALUE
                              CALL 'public final fun <unsafe-coerce> <T, R> (v: T of kotlin.jvm.internal.<unsafe-coerce>): R of kotlin.jvm.internal.<unsafe-coerce> declared in kotlin.jvm.internal' type=androidx.compose.ui.text.style.TextOverflow origin=null
                                TYPE_ARG T: kotlin.Int
                                TYPE_ARG R: androidx.compose.ui.text.style.TextOverflow
                                ARG v: CONST Int type=kotlin.Int value=0
                            ARG softWrap: COMPOSITE type=kotlin.Boolean origin=DEFAULT_VALUE
                              CONST Boolean type=kotlin.Boolean value=false
                            ARG maxLines: COMPOSITE type=kotlin.Int origin=DEFAULT_VALUE
                              CONST Int type=kotlin.Int value=0
                            ARG minLines: COMPOSITE type=kotlin.Int origin=DEFAULT_VALUE
                              CONST Int type=kotlin.Int value=0
                            ARG onTextLayout: COMPOSITE type=kotlin.Function1<androidx.compose.ui.text.TextLayoutResult, kotlin.Unit>? origin=DEFAULT_VALUE
                              CONST Null type=kotlin.Function1<androidx.compose.ui.text.TextLayoutResult, kotlin.Unit>? value=null
                            ARG style: GET_VAR 'val tmp4_style: androidx.compose.ui.text.TextStyle [val] declared in com.template.app.presentation.home.HomeScreenKt.HomeScreen$lambda$2$0$0.HomeScreen$lambda$2$0$0$0.<no name provided>.invoke.invoke$lambda$0' type=androidx.compose.ui.text.TextStyle origin=null
                            ARG $mask0: CONST Int type=kotlin.Int value=65530
                            ARG $handler: CONST Null type=kotlin.Any? value=null
                  ARG $mask0: CONST Int type=kotlin.Int value=6
                  ARG $handler: CONST Null type=kotlin.Any? value=null
            FIELD FIELD_FOR_CAPTURED_VALUE name:$item type:com.template.app.domain.model.ExampleItem visibility:public/*package*/ [final]
            FUN BRIDGE name:invoke visibility:public modality:OPEN returnType:kotlin.Any?
              VALUE_PARAMETER INSTANCE_RECEIVER kind:DispatchReceiver name:<this> index:0 type:com.template.app.presentation.home.HomeScreenKt.HomeScreen$lambda$2$0$0.HomeScreen$lambda$2$0$0$0.<no name provided>
              VALUE_PARAMETER kind:Regular name:p1 index:1 type:kotlin.Any?
              EXPRESSION_BODY
                RETURN type=kotlin.Nothing from='public open fun invoke (p1: kotlin.Any?): kotlin.Any? declared in com.template.app.presentation.home.HomeScreenKt.HomeScreen$lambda$2$0$0.HomeScreen$lambda$2$0$0$0.<no name provided>'
                  CALL 'public final fun invoke ($this$Card: androidx.compose.foundation.layout.ColumnScope): kotlin.Unit declared in com.template.app.presentation.home.HomeScreenKt.HomeScreen$lambda$2$0$0.HomeScreen$lambda$2$0$0$0.<no name provided>' type=kotlin.Unit origin=BRIDGE_DELEGATION
                    ARG <this>: GET_VAR '<this>: com.template.app.presentation.home.HomeScreenKt.HomeScreen$lambda$2$0$0.HomeScreen$lambda$2$0$0$0.<no name provided> declared in com.template.app.presentation.home.HomeScreenKt.HomeScreen$lambda$2$0$0.HomeScreen$lambda$2$0$0$0.<no name provided>.invoke' type=com.template.app.presentation.home.HomeScreenKt.HomeScreen$lambda$2$0$0.HomeScreen$lambda$2$0$0$0.<no name provided> origin=null
                    ARG $this$Card: TYPE_OP type=androidx.compose.foundation.layout.ColumnScope origin=IMPLICIT_CAST typeOperand=androidx.compose.foundation.layout.ColumnScope
                      GET_VAR 'p1: kotlin.Any? declared in com.template.app.presentation.home.HomeScreenKt.HomeScreen$lambda$2$0$0.HomeScreen$lambda$2$0$0$0.<no name provided>.invoke' type=kotlin.Any? origin=null
          CONSTRUCTOR_CALL 'public/*package*/ constructor <init> ($item: com.template.app.domain.model.ExampleItem) [primary] declared in com.template.app.presentation.home.HomeScreenKt.HomeScreen$lambda$2$0$0.HomeScreen$lambda$2$0$0$0.<no name provided>' type=com.template.app.presentation.home.HomeScreenKt.HomeScreen$lambda$2$0$0.HomeScreen$lambda$2$0$0$0.<no name provided> origin=null
            ARG $item: GET_VAR 'item: com.template.app.domain.model.ExampleItem declared in com.template.app.presentation.home.HomeScreenKt.HomeScreen$lambda$2$0$0.HomeScreen$lambda$2$0$0$0' type=com.template.app.domain.model.ExampleItem origin=null
        ARG $mask0: CONST Int type=kotlin.Int value=220
        ARG $handler: CONST Null type=kotlin.Any? value=null

	at org.jetbrains.kotlin.backend.jvm.codegen.FunctionCodegen.generate(FunctionCodegen.kt:57)
	at org.jetbrains.kotlin.backend.jvm.codegen.IrSourceCompilerForInline.generateLambdaBody(IrSourceCompilerForInline.kt:72)
	at org.jetbrains.kotlin.codegen.inline.ExpressionLambda.generateLambdaBody(LambdaInfo.kt:75)
	at org.jetbrains.kotlin.backend.jvm.codegen.IrInlineCodegen.genValueAndPut(IrInlineCodegen.kt:121)
	at org.jetbrains.kotlin.backend.jvm.codegen.ExpressionCodegen.visitCall$handleParameter(ExpressionCodegen.kt:534)
	at org.jetbrains.kotlin.backend.jvm.codegen.ExpressionCodegen.visitCall(ExpressionCodegen.kt:547)
	at org.jetbrains.kotlin.backend.jvm.codegen.ExpressionCodegen.visitCall(ExpressionCodegen.kt:140)
	at org.jetbrains.kotlin.ir.expressions.IrCall.accept(IrCall.kt:24)
	at org.jetbrains.kotlin.backend.jvm.codegen.ExpressionCodegen.visitStatementContainer(ExpressionCodegen.kt:491)
	at org.jetbrains.kotlin.backend.jvm.codegen.ExpressionCodegen.visitBlockBody(ExpressionCodegen.kt:496)
	at org.jetbrains.kotlin.backend.jvm.codegen.ExpressionCodegen.visitBlockBody(ExpressionCodegen.kt:140)
	at org.jetbrains.kotlin.ir.expressions.IrBlockBody.accept(IrBlockBody.kt:20)
	at org.jetbrains.kotlin.backend.jvm.codegen.ExpressionCodegen.generate(ExpressionCodegen.kt:233)
	at org.jetbrains.kotlin.backend.jvm.codegen.FunctionCodegen.doGenerate(FunctionCodegen.kt:135)
	at org.jetbrains.kotlin.backend.jvm.codegen.FunctionCodegen.generate(FunctionCodegen.kt:54)
	... 39 more
Caused by: java.lang.RuntimeException: Exception while generating code for:
FUN name:invoke visibility:public modality:FINAL returnType:kotlin.Unit
  VALUE_PARAMETER INSTANCE_RECEIVER kind:DispatchReceiver name:<this> index:0 type:com.template.app.presentation.home.HomeScreenKt.HomeScreen$lambda$2$0$0.HomeScreen$lambda$2$0$0$0.<no name provided>
  VALUE_PARAMETER kind:Regular name:$this$Card index:1 type:androidx.compose.foundation.layout.ColumnScope
  overridden:
    public abstract fun invoke (p1: P1 of kotlin.Function1): R of kotlin.Function1 [operator] declared in kotlin.Function1
  BLOCK_BODY
    CALL 'public final fun Column$default (modifier: androidx.compose.ui.Modifier?, verticalArrangement: androidx.compose.foundation.layout.Arrangement.Vertical?, horizontalAlignment: androidx.compose.ui.Alignment.Horizontal?, content: @[Composable] @[ExtensionFunctionType] kotlin.Function1<androidx.compose.foundation.layout.ColumnScope, kotlin.Unit>, $mask0: kotlin.Int, $handler: kotlin.Any?): kotlin.Unit [inline] declared in androidx.compose.foundation.layout.ColumnKt' type=kotlin.Unit origin=DEFAULT_DISPATCH_CALL
      ARG modifier: CALL 'public final fun padding-3ABfNKs ($this$padding: androidx.compose.ui.Modifier, all: androidx.compose.ui.unit.Dp): androidx.compose.ui.Modifier declared in androidx.compose.foundation.layout.PaddingKt' type=androidx.compose.ui.Modifier origin=null
        ARG $this$padding: GET_FIELD 'FIELD FIELD_FOR_OBJECT_INSTANCE name:Companion type:androidx.compose.ui.Modifier.Companion visibility:public [final,static] declared in androidx.compose.ui.Modifier' type=androidx.compose.ui.Modifier.Companion origin=null
        ARG all: CALL 'public final fun <get-dp> (<this>: kotlin.Int): androidx.compose.ui.unit.Dp [inline] declared in androidx.compose.ui.unit.DpKt' type=androidx.compose.ui.unit.Dp origin=GET_PROPERTY
          ARG <this>: CONST Int type=kotlin.Int value=16
      ARG verticalArrangement: COMPOSITE type=androidx.compose.foundation.layout.Arrangement.Vertical? origin=DEFAULT_VALUE
        CONST Null type=androidx.compose.foundation.layout.Arrangement.Vertical? value=null
      ARG horizontalAlignment: COMPOSITE type=androidx.compose.ui.Alignment.Horizontal? origin=DEFAULT_VALUE
        CONST Null type=androidx.compose.ui.Alignment.Horizontal? value=null
      ARG content: RICH_FUNCTION_REFERENCE type=@[ExtensionFunctionType] kotlin.Function1<androidx.compose.foundation.layout.ColumnScope, kotlin.Unit> origin=INLINE_LAMBDA reflectionTarget='null'
        overriddenFunctionSymbol: public abstract fun invoke (p1: P1 of kotlin.Function1): R of kotlin.Function1 [operator] declared in kotlin.Function1
        bound $item: GET_FIELD 'FIELD FIELD_FOR_CAPTURED_VALUE name:$item type:com.template.app.domain.model.ExampleItem visibility:public/*package*/ [final] declared in com.template.app.presentation.home.HomeScreenKt.HomeScreen$lambda$2$0$0.HomeScreen$lambda$2$0$0$0.<no name provided>' type=com.template.app.domain.model.ExampleItem origin=null
          receiver: GET_VAR '<this>: com.template.app.presentation.home.HomeScreenKt.HomeScreen$lambda$2$0$0.HomeScreen$lambda$2$0$0$0.<no name provided> declared in com.template.app.presentation.home.HomeScreenKt.HomeScreen$lambda$2$0$0.HomeScreen$lambda$2$0$0$0.<no name provided>.invoke' type=com.template.app.presentation.home.HomeScreenKt.HomeScreen$lambda$2$0$0.HomeScreen$lambda$2$0$0$0.<no name provided> origin=null
        invoke: FUN INLINE_LAMBDA name:invoke$lambda$0 visibility:private modality:FINAL returnType:kotlin.Unit
          VALUE_PARAMETER BOUND_VALUE_PARAMETER kind:Regular name:$item index:0 type:com.template.app.domain.model.ExampleItem
          VALUE_PARAMETER BOUND_RECEIVER_PARAMETER kind:Regular name:$this$Column index:1 type:androidx.compose.foundation.layout.ColumnScope
          BLOCK_BODY
            VAR name:$i$a$-Column$default-HomeScreenKt$HomeScreen$2$1$1$1$2$1 type:kotlin.Int [val]
              CONST Int type=kotlin.Int value=0
            BLOCK type=kotlin.Unit origin=ARGUMENTS_REORDERING_FOR_CALL
              VAR IR_TEMPORARY_VARIABLE name:tmp0_text type:kotlin.String [val]
                CALL 'public final fun <get-title> (): kotlin.String declared in com.template.app.domain.model.ExampleItem' type=kotlin.String origin=GET_PROPERTY
                  ARG <this>: GET_VAR '$item: com.template.app.domain.model.ExampleItem declared in com.template.app.presentation.home.HomeScreenKt.HomeScreen$lambda$2$0$0.HomeScreen$lambda$2$0$0$0.<no name provided>.invoke.invoke$lambda$0' type=com.template.app.domain.model.ExampleItem origin=null
              VAR IR_TEMPORARY_VARIABLE name:tmp1_style type:androidx.compose.ui.text.TextStyle [val]
                CALL 'public final fun <get-titleLarge> (): androidx.compose.ui.text.TextStyle declared in androidx.compose.material3.Typography' type=androidx.compose.ui.text.TextStyle origin=GET_PROPERTY
                  ARG <this>: CALL 'public final fun <get-typography> (): androidx.compose.material3.Typography declared in androidx.compose.material3.MaterialTheme' type=androidx.compose.material3.Typography origin=GET_PROPERTY
                    ARG <this>: GET_FIELD 'FIELD FIELD_FOR_OBJECT_INSTANCE name:INSTANCE type:androidx.compose.material3.MaterialTheme visibility:public [final,static] declared in androidx.compose.material3.MaterialTheme' type=androidx.compose.material3.MaterialTheme origin=null
              VAR IR_TEMPORARY_VARIABLE name:tmp2_color type:androidx.compose.ui.graphics.Color [val]
                CALL 'public final fun getOnSurface-0d7_KjU (): androidx.compose.ui.graphics.Color declared in androidx.compose.material3.ColorScheme' type=androidx.compose.ui.graphics.Color origin=GET_PROPERTY
                  ARG <this>: CALL 'public final fun <get-colorScheme> (): androidx.compose.material3.ColorScheme declared in androidx.compose.material3.MaterialTheme' type=androidx.compose.material3.ColorScheme origin=GET_PROPERTY
                    ARG <this>: GET_FIELD 'FIELD FIELD_FOR_OBJECT_INSTANCE name:INSTANCE type:androidx.compose.material3.MaterialTheme visibility:public [final,static] declared in androidx.compose.material3.MaterialTheme' type=androidx.compose.material3.MaterialTheme origin=null
              CALL 'public final fun Text-80ic1_w$default (text: kotlin.String, modifier: androidx.compose.ui.Modifier?, color: androidx.compose.ui.graphics.Color, fontSize: androidx.compose.ui.unit.TextUnit, fontStyle: androidx.compose.ui.text.font.FontStyle?, fontWeight: androidx.compose.ui.text.font.FontWeight?, fontFamily: androidx.compose.ui.text.font.FontFamily?, letterSpacing: androidx.compose.ui.unit.TextUnit, textDecoration: androidx.compose.ui.text.style.TextDecoration?, textAlign: androidx.compose.ui.text.style.TextAlign?, lineHeight: androidx.compose.ui.unit.TextUnit, overflow: androidx.compose.ui.text.style.TextOverflow, softWrap: kotlin.Boolean, maxLines: kotlin.Int, minLines: kotlin.Int, onTextLayout: kotlin.Function1<androidx.compose.ui.text.TextLayoutResult, kotlin.Unit>?, style: androidx.compose.ui.text.TextStyle?, $mask0: kotlin.Int, $handler: kotlin.Any?): kotlin.Unit declared in androidx.compose.material3.TextKt' type=kotlin.Unit origin=DEFAULT_DISPATCH_CALL
                ARG text: GET_VAR 'val tmp0_text: kotlin.String [val] declared in com.template.app.presentation.home.HomeScreenKt.HomeScreen$lambda$2$0$0.HomeScreen$lambda$2$0$0$0.<no name provided>.invoke.invoke$lambda$0' type=kotlin.String origin=null
                ARG modifier: COMPOSITE type=androidx.compose.ui.Modifier? origin=DEFAULT_VALUE
                  CONST Null type=androidx.compose.ui.Modifier? value=null
                ARG color: GET_VAR 'val tmp2_color: androidx.compose.ui.graphics.Color [val] declared in com.template.app.presentation.home.HomeScreenKt.HomeScreen$lambda$2$0$0.HomeScreen$lambda$2$0$0$0.<no name provided>.invoke.invoke$lambda$0' type=androidx.compose.ui.graphics.Color origin=null
                ARG fontSize: COMPOSITE type=androidx.compose.ui.unit.TextUnit origin=DEFAULT_VALUE
                  CALL 'public final fun <unsafe-coerce> <T, R> (v: T of kotlin.jvm.internal.<unsafe-coerce>): R of kotlin.jvm.internal.<unsafe-coerce> declared in kotlin.jvm.internal' type=androidx.compose.ui.unit.TextUnit origin=null
                    TYPE_ARG T: kotlin.Long
                    TYPE_ARG R: androidx.compose.ui.unit.TextUnit
                    ARG v: CONST Long type=kotlin.Long value=0
                ARG fontStyle: COMPOSITE type=androidx.compose.ui.text.font.FontStyle? origin=DEFAULT_VALUE
                  CONST Null type=androidx.compose.ui.text.font.FontStyle? value=null
                ARG fontWeight: COMPOSITE type=androidx.compose.ui.text.font.FontWeight? origin=DEFAULT_VALUE
                  CONST Null type=androidx.compose.ui.text.font.FontWeight? value=null
                ARG fontFamily: COMPOSITE type=androidx.compose.ui.text.font.FontFamily? origin=DEFAULT_VALUE
                  CONST Null type=androidx.compose.ui.text.font.FontFamily? value=null
                ARG letterSpacing: COMPOSITE type=androidx.compose.ui.unit.TextUnit origin=DEFAULT_VALUE
                  CALL 'public final fun <unsafe-coerce> <T, R> (v: T of kotlin.jvm.internal.<unsafe-coerce>): R of kotlin.jvm.internal.<unsafe-coerce> declared in kotlin.jvm.internal' type=androidx.compose.ui.unit.TextUnit origin=null
                    TYPE_ARG T: kotlin.Long
                    TYPE_ARG R: androidx.compose.ui.unit.TextUnit
                    ARG v: CONST Long type=kotlin.Long value=0
                ARG textDecoration: COMPOSITE type=androidx.compose.ui.text.style.TextDecoration? origin=DEFAULT_VALUE
                  CONST Null type=androidx.compose.ui.text.style.TextDecoration? value=null
                ARG textAlign: COMPOSITE type=androidx.compose.ui.text.style.TextAlign? origin=DEFAULT_VALUE
                  CONST Null type=androidx.compose.ui.text.style.TextAlign? value=null
                ARG lineHeight: COMPOSITE type=androidx.compose.ui.unit.TextUnit origin=DEFAULT_VALUE
                  CALL 'public final fun <unsafe-coerce> <T, R> (v: T of kotlin.jvm.internal.<unsafe-coerce>): R of kotlin.jvm.internal.<unsafe-coerce> declared in kotlin.jvm.internal' type=androidx.compose.ui.unit.TextUnit origin=null
                    TYPE_ARG T: kotlin.Long
                    TYPE_ARG R: androidx.compose.ui.unit.TextUnit
                    ARG v: CONST Long type=kotlin.Long value=0
                ARG overflow: COMPOSITE type=androidx.compose.ui.text.style.TextOverflow origin=DEFAULT_VALUE
                  CALL 'public final fun <unsafe-coerce> <T, R> (v: T of kotlin.jvm.internal.<unsafe-coerce>): R of kotlin.jvm.internal.<unsafe-coerce> declared in kotlin.jvm.internal' type=androidx.compose.ui.text.style.TextOverflow origin=null
                    TYPE_ARG T: kotlin.Int
                    TYPE_ARG R: androidx.compose.ui.text.style.TextOverflow
                    ARG v: CONST Int type=kotlin.Int value=0
                ARG softWrap: COMPOSITE type=kotlin.Boolean origin=DEFAULT_VALUE
                  CONST Boolean type=kotlin.Boolean value=false
                ARG maxLines: COMPOSITE type=kotlin.Int origin=DEFAULT_VALUE
                  CONST Int type=kotlin.Int value=0
                ARG minLines: COMPOSITE type=kotlin.Int origin=DEFAULT_VALUE
                  CONST Int type=kotlin.Int value=0
                ARG onTextLayout: COMPOSITE type=kotlin.Function1<androidx.compose.ui.text.TextLayoutResult, kotlin.Unit>? origin=DEFAULT_VALUE
                  CONST Null type=kotlin.Function1<androidx.compose.ui.text.TextLayoutResult, kotlin.Unit>? value=null
                ARG style: GET_VAR 'val tmp1_style: androidx.compose.ui.text.TextStyle [val] declared in com.template.app.presentation.home.HomeScreenKt.HomeScreen$lambda$2$0$0.HomeScreen$lambda$2$0$0$0.<no name provided>.invoke.invoke$lambda$0' type=androidx.compose.ui.text.TextStyle origin=null
                ARG $mask0: CONST Int type=kotlin.Int value=65530
                ARG $handler: CONST Null type=kotlin.Any? value=null
            CALL 'public final fun Spacer (modifier: androidx.compose.ui.Modifier): kotlin.Unit declared in androidx.compose.foundation.layout.SpacerKt' type=kotlin.Unit origin=null
              ARG modifier: CALL 'public final fun padding-qDBjuR0$default ($this$padding: androidx.compose.ui.Modifier, start: androidx.compose.ui.unit.Dp, top: androidx.compose.ui.unit.Dp, end: androidx.compose.ui.unit.Dp, bottom: androidx.compose.ui.unit.Dp, $mask0: kotlin.Int, $handler: kotlin.Any?): androidx.compose.ui.Modifier declared in androidx.compose.foundation.layout.PaddingKt' type=androidx.compose.ui.Modifier origin=DEFAULT_DISPATCH_CALL
                ARG $this$padding: GET_FIELD 'FIELD FIELD_FOR_OBJECT_INSTANCE name:Companion type:androidx.compose.ui.Modifier.Companion visibility:public [final,static] declared in androidx.compose.ui.Modifier' type=androidx.compose.ui.Modifier.Companion origin=null
                ARG start: COMPOSITE type=androidx.compose.ui.unit.Dp origin=DEFAULT_VALUE
                  CALL 'public final fun <unsafe-coerce> <T, R> (v: T of kotlin.jvm.internal.<unsafe-coerce>): R of kotlin.jvm.internal.<unsafe-coerce> declared in kotlin.jvm.internal' type=androidx.compose.ui.unit.Dp origin=null
                    TYPE_ARG T: kotlin.Float
                    TYPE_ARG R: androidx.compose.ui.unit.Dp
                    ARG v: CONST Float type=kotlin.Float value=0.0
                ARG top: CALL 'public final fun <get-dp> (<this>: kotlin.Int): androidx.compose.ui.unit.Dp [inline] declared in androidx.compose.ui.unit.DpKt' type=androidx.compose.ui.unit.Dp origin=GET_PROPERTY
                  ARG <this>: CONST Int type=kotlin.Int value=8
                ARG end: COMPOSITE type=androidx.compose.ui.unit.Dp origin=DEFAULT_VALUE
                  CALL 'public final fun <unsafe-coerce> <T, R> (v: T of kotlin.jvm.internal.<unsafe-coerce>): R of kotlin.jvm.internal.<unsafe-coerce> declared in kotlin.jvm.internal' type=androidx.compose.ui.unit.Dp origin=null
                    TYPE_ARG T: kotlin.Float
                    TYPE_ARG R: androidx.compose.ui.unit.Dp
                    ARG v: CONST Float type=kotlin.Float value=0.0
                ARG bottom: COMPOSITE type=androidx.compose.ui.unit.Dp origin=DEFAULT_VALUE
                  CALL 'public final fun <unsafe-coerce> <T, R> (v: T of kotlin.jvm.internal.<unsafe-coerce>): R of kotlin.jvm.internal.<unsafe-coerce> declared in kotlin.jvm.internal' type=androidx.compose.ui.unit.Dp origin=null
                    TYPE_ARG T: kotlin.Float
                    TYPE_ARG R: androidx.compose.ui.unit.Dp
                    ARG v: CONST Float type=kotlin.Float value=0.0
                ARG $mask0: CONST Int type=kotlin.Int value=13
                ARG $handler: CONST Null type=kotlin.Any? value=null
            BLOCK type=kotlin.Unit origin=ARGUMENTS_REORDERING_FOR_CALL
              VAR IR_TEMPORARY_VARIABLE name:tmp3_text type:kotlin.String [val]
                CALL 'public final fun <get-description> (): kotlin.String declared in com.template.app.domain.model.ExampleItem' type=kotlin.String origin=GET_PROPERTY
                  ARG <this>: GET_VAR '$item: com.template.app.domain.model.ExampleItem declared in com.template.app.presentation.home.HomeScreenKt.HomeScreen$lambda$2$0$0.HomeScreen$lambda$2$0$0$0.<no name provided>.invoke.invoke$lambda$0' type=com.template.app.domain.model.ExampleItem origin=null
              VAR IR_TEMPORARY_VARIABLE name:tmp4_style type:androidx.compose.ui.text.TextStyle [val]
                CALL 'public final fun <get-bodyMedium> (): androidx.compose.ui.text.TextStyle declared in androidx.compose.material3.Typography' type=androidx.compose.ui.text.TextStyle origin=GET_PROPERTY
                  ARG <this>: CALL 'public final fun <get-typography> (): androidx.compose.material3.Typography declared in androidx.compose.material3.MaterialTheme' type=androidx.compose.material3.Typography origin=GET_PROPERTY
                    ARG <this>: GET_FIELD 'FIELD FIELD_FOR_OBJECT_INSTANCE name:INSTANCE type:androidx.compose.material3.MaterialTheme visibility:public [final,static] declared in androidx.compose.material3.MaterialTheme' type=androidx.compose.material3.MaterialTheme origin=null
              VAR IR_TEMPORARY_VARIABLE name:tmp5_color type:androidx.compose.ui.graphics.Color [val]
                CALL 'public final fun getOnSurfaceVariant-0d7_KjU (): androidx.compose.ui.graphics.Color declared in androidx.compose.material3.ColorScheme' type=androidx.compose.ui.graphics.Color origin=GET_PROPERTY
                  ARG <this>: CALL 'public final fun <get-colorScheme> (): androidx.compose.material3.ColorScheme declared in androidx.compose.material3.MaterialTheme' type=androidx.compose.material3.ColorScheme origin=GET_PROPERTY
                    ARG <this>: GET_FIELD 'FIELD FIELD_FOR_OBJECT_INSTANCE name:INSTANCE type:androidx.compose.material3.MaterialTheme visibility:public [final,static] declared in androidx.compose.material3.MaterialTheme' type=androidx.compose.material3.MaterialTheme origin=null
              CALL 'public final fun Text-80ic1_w$default (text: kotlin.String, modifier: androidx.compose.ui.Modifier?, color: androidx.compose.ui.graphics.Color, fontSize: androidx.compose.ui.unit.TextUnit, fontStyle: androidx.compose.ui.text.font.FontStyle?, fontWeight: androidx.compose.ui.text.font.FontWeight?, fontFamily: androidx.compose.ui.text.font.FontFamily?, letterSpacing: androidx.compose.ui.unit.TextUnit, textDecoration: androidx.compose.ui.text.style.TextDecoration?, textAlign: androidx.compose.ui.text.style.TextAlign?, lineHeight: androidx.compose.ui.unit.TextUnit, overflow: androidx.compose.ui.text.style.TextOverflow, softWrap: kotlin.Boolean, maxLines: kotlin.Int, minLines: kotlin.Int, onTextLayout: kotlin.Function1<androidx.compose.ui.text.TextLayoutResult, kotlin.Unit>?, style: androidx.compose.ui.text.TextStyle?, $mask0: kotlin.Int, $handler: kotlin.Any?): kotlin.Unit declared in androidx.compose.material3.TextKt' type=kotlin.Unit origin=DEFAULT_DISPATCH_CALL
                ARG text: GET_VAR 'val tmp3_text: kotlin.String [val] declared in com.template.app.presentation.home.HomeScreenKt.HomeScreen$lambda$2$0$0.HomeScreen$lambda$2$0$0$0.<no name provided>.invoke.invoke$lambda$0' type=kotlin.String origin=null
                ARG modifier: COMPOSITE type=androidx.compose.ui.Modifier? origin=DEFAULT_VALUE
                  CONST Null type=androidx.compose.ui.Modifier? value=null
                ARG color: GET_VAR 'val tmp5_color: androidx.compose.ui.graphics.Color [val] declared in com.template.app.presentation.home.HomeScreenKt.HomeScreen$lambda$2$0$0.HomeScreen$lambda$2$0$0$0.<no name provided>.invoke.invoke$lambda$0' type=androidx.compose.ui.graphics.Color origin=null
                ARG fontSize: COMPOSITE type=androidx.compose.ui.unit.TextUnit origin=DEFAULT_VALUE
                  CALL 'public final fun <unsafe-coerce> <T, R> (v: T of kotlin.jvm.internal.<unsafe-coerce>): R of kotlin.jvm.internal.<unsafe-coerce> declared in kotlin.jvm.internal' type=androidx.compose.ui.unit.TextUnit origin=null
                    TYPE_ARG T: kotlin.Long
                    TYPE_ARG R: androidx.compose.ui.unit.TextUnit
                    ARG v: CONST Long type=kotlin.Long value=0
                ARG fontStyle: COMPOSITE type=androidx.compose.ui.text.font.FontStyle? origin=DEFAULT_VALUE
                  CONST Null type=androidx.compose.ui.text.font.FontStyle? value=null
                ARG fontWeight: COMPOSITE type=androidx.compose.ui.text.font.FontWeight? origin=DEFAULT_VALUE
                  CONST Null type=androidx.compose.ui.text.font.FontWeight? value=null
                ARG fontFamily: COMPOSITE type=androidx.compose.ui.text.font.FontFamily? origin=DEFAULT_VALUE
                  CONST Null type=androidx.compose.ui.text.font.FontFamily? value=null
                ARG letterSpacing: COMPOSITE type=androidx.compose.ui.unit.TextUnit origin=DEFAULT_VALUE
                  CALL 'public final fun <unsafe-coerce> <T, R> (v: T of kotlin.jvm.internal.<unsafe-coerce>): R of kotlin.jvm.internal.<unsafe-coerce> declared in kotlin.jvm.internal' type=androidx.compose.ui.unit.TextUnit origin=null
                    TYPE_ARG T: kotlin.Long
                    TYPE_ARG R: androidx.compose.ui.unit.TextUnit
                    ARG v: CONST Long type=kotlin.Long value=0
                ARG textDecoration: COMPOSITE type=androidx.compose.ui.text.style.TextDecoration? origin=DEFAULT_VALUE
                  CONST Null type=androidx.compose.ui.text.style.TextDecoration? value=null
                ARG textAlign: COMPOSITE type=androidx.compose.ui.text.style.TextAlign? origin=DEFAULT_VALUE
                  CONST Null type=androidx.compose.ui.text.style.TextAlign? value=null
                ARG lineHeight: COMPOSITE type=androidx.compose.ui.unit.TextUnit origin=DEFAULT_VALUE
                  CALL 'public final fun <unsafe-coerce> <T, R> (v: T of kotlin.jvm.internal.<unsafe-coerce>): R of kotlin.jvm.internal.<unsafe-coerce> declared in kotlin.jvm.internal' type=androidx.compose.ui.unit.TextUnit origin=null
                    TYPE_ARG T: kotlin.Long
                    TYPE_ARG R: androidx.compose.ui.unit.TextUnit
                    ARG v: CONST Long type=kotlin.Long value=0
                ARG overflow: COMPOSITE type=androidx.compose.ui.text.style.TextOverflow origin=DEFAULT_VALUE
                  CALL 'public final fun <unsafe-coerce> <T, R> (v: T of kotlin.jvm.internal.<unsafe-coerce>): R of kotlin.jvm.internal.<unsafe-coerce> declared in kotlin.jvm.internal' type=androidx.compose.ui.text.style.TextOverflow origin=null
                    TYPE_ARG T: kotlin.Int
                    TYPE_ARG R: androidx.compose.ui.text.style.TextOverflow
                    ARG v: CONST Int type=kotlin.Int value=0
                ARG softWrap: COMPOSITE type=kotlin.Boolean origin=DEFAULT_VALUE
                  CONST Boolean type=kotlin.Boolean value=false
                ARG maxLines: COMPOSITE type=kotlin.Int origin=DEFAULT_VALUE
                  CONST Int type=kotlin.Int value=0
                ARG minLines: COMPOSITE type=kotlin.Int origin=DEFAULT_VALUE
                  CONST Int type=kotlin.Int value=0
                ARG onTextLayout: COMPOSITE type=kotlin.Function1<androidx.compose.ui.text.TextLayoutResult, kotlin.Unit>? origin=DEFAULT_VALUE
                  CONST Null type=kotlin.Function1<androidx.compose.ui.text.TextLayoutResult, kotlin.Unit>? value=null
                ARG style: GET_VAR 'val tmp4_style: androidx.compose.ui.text.TextStyle [val] declared in com.template.app.presentation.home.HomeScreenKt.HomeScreen$lambda$2$0$0.HomeScreen$lambda$2$0$0$0.<no name provided>.invoke.invoke$lambda$0' type=androidx.compose.ui.text.TextStyle origin=null
                ARG $mask0: CONST Int type=kotlin.Int value=65530
                ARG $handler: CONST Null type=kotlin.Any? value=null
      ARG $mask0: CONST Int type=kotlin.Int value=6
      ARG $handler: CONST Null type=kotlin.Any? value=null

	at org.jetbrains.kotlin.backend.jvm.codegen.FunctionCodegen.generate(FunctionCodegen.kt:57)
	at org.jetbrains.kotlin.backend.jvm.codegen.FunctionCodegen.generate$default(FunctionCodegen.kt:50)
	at org.jetbrains.kotlin.backend.jvm.codegen.ClassCodegen.generateMethodNode(ClassCodegen.kt:428)
	at org.jetbrains.kotlin.backend.jvm.codegen.ClassCodegen.generateMethod(ClassCodegen.kt:445)
	at org.jetbrains.kotlin.backend.jvm.codegen.ClassCodegen.generate(ClassCodegen.kt:168)
	at org.jetbrains.kotlin.backend.jvm.codegen.ExpressionCodegen.visitClass(ExpressionCodegen.kt:920)
	at org.jetbrains.kotlin.backend.jvm.codegen.ExpressionCodegen.visitClass(ExpressionCodegen.kt:140)
	at org.jetbrains.kotlin.ir.declarations.IrClass.accept(IrClass.kt:72)
	at org.jetbrains.kotlin.backend.jvm.codegen.ExpressionCodegen.visitStatementContainer(ExpressionCodegen.kt:491)
	at org.jetbrains.kotlin.backend.jvm.codegen.ExpressionCodegen.visitContainerExpression(ExpressionCodegen.kt:505)
	at org.jetbrains.kotlin.backend.jvm.codegen.ExpressionCodegen.visitContainerExpression(ExpressionCodegen.kt:140)
	at org.jetbrains.kotlin.ir.visitors.IrVisitor.visitBlock(IrVisitor.kt:125)
	at org.jetbrains.kotlin.backend.jvm.codegen.ExpressionCodegen.visitBlock(ExpressionCodegen.kt:429)
	at org.jetbrains.kotlin.backend.jvm.codegen.ExpressionCodegen.visitBlock(ExpressionCodegen.kt:140)
	at org.jetbrains.kotlin.ir.expressions.IrBlock.accept(IrBlock.kt:18)
	at org.jetbrains.kotlin.backend.jvm.codegen.ExpressionCodegen.gen(ExpressionCodegen.kt:214)
	at org.jetbrains.kotlin.backend.jvm.codegen.IrCallGenerator.genValueAndPut(IrCallGenerator.kt:48)
	at org.jetbrains.kotlin.backend.jvm.codegen.ExpressionCodegen.visitCall$handleParameter(ExpressionCodegen.kt:534)
	at org.jetbrains.kotlin.backend.jvm.codegen.ExpressionCodegen.visitCall(ExpressionCodegen.kt:547)
	at org.jetbrains.kotlin.backend.jvm.codegen.ExpressionCodegen.visitCall(ExpressionCodegen.kt:140)
	at org.jetbrains.kotlin.ir.expressions.IrCall.accept(IrCall.kt:24)
	at org.jetbrains.kotlin.backend.jvm.codegen.ExpressionCodegen.visitStatementContainer(ExpressionCodegen.kt:491)
	at org.jetbrains.kotlin.backend.jvm.codegen.ExpressionCodegen.visitContainerExpression(ExpressionCodegen.kt:505)
	at org.jetbrains.kotlin.backend.jvm.codegen.ExpressionCodegen.visitContainerExpression(ExpressionCodegen.kt:140)
	at org.jetbrains.kotlin.ir.visitors.IrVisitor.visitBlock(IrVisitor.kt:125)
	at org.jetbrains.kotlin.backend.jvm.codegen.ExpressionCodegen.visitBlock(ExpressionCodegen.kt:429)
	at org.jetbrains.kotlin.backend.jvm.codegen.ExpressionCodegen.visitBlock(ExpressionCodegen.kt:140)
	at org.jetbrains.kotlin.ir.expressions.IrBlock.accept(IrBlock.kt:18)
	at org.jetbrains.kotlin.backend.jvm.codegen.ExpressionCodegen.visitStatementContainer(ExpressionCodegen.kt:491)
	at org.jetbrains.kotlin.backend.jvm.codegen.ExpressionCodegen.visitBlockBody(ExpressionCodegen.kt:496)
	at org.jetbrains.kotlin.backend.jvm.codegen.ExpressionCodegen.visitBlockBody(ExpressionCodegen.kt:140)
	at org.jetbrains.kotlin.ir.expressions.IrBlockBody.accept(IrBlockBody.kt:20)
	at org.jetbrains.kotlin.backend.jvm.codegen.ExpressionCodegen.generate(ExpressionCodegen.kt:233)
	at org.jetbrains.kotlin.backend.jvm.codegen.FunctionCodegen.doGenerate(FunctionCodegen.kt:135)
	at org.jetbrains.kotlin.backend.jvm.codegen.FunctionCodegen.generate(FunctionCodegen.kt:54)
	... 53 more
Caused by: org.jetbrains.kotlin.codegen.CompilationException: Back-end (JVM) Internal error: Couldn't inline method call: CALL 'public final fun Column$default (modifier: androidx.compose.ui.Modifier?, verticalArrangement: androidx.compose.foundation.layout.Arrangement.Vertical?, horizontalAlignment: androidx.compose.ui.Alignment.Horizontal?, content: @[Composable] @[ExtensionFunctionType] kotlin.Function1<androidx.compose.foundation.layout.ColumnScope, kotlin.Unit>, $mask0: kotlin.Int, $handler: kotlin.Any?): kotlin.Unit [inline] declared in androidx.compose.foundation.layout.ColumnKt' type=kotlin.Unit origin=DEFAULT_DISPATCH_CALL
Method: null
File is unknown
The root cause java.lang.IllegalStateException was thrown at: org.jetbrains.kotlin.codegen.inline.SourceCompilerForInlineKt.getMethodNode(SourceCompilerForInline.kt:129)
	at org.jetbrains.kotlin.backend.jvm.codegen.IrInlineCodegen.genInlineCall(IrInlineCodegen.kt:81)
	at org.jetbrains.kotlin.backend.jvm.codegen.IrInlineCallGenerator.genCall(IrInlineCallGenerator.kt:36)
	at org.jetbrains.kotlin.backend.jvm.codegen.ExpressionCodegen.visitCall(ExpressionCodegen.kt:562)
	at org.jetbrains.kotlin.backend.jvm.codegen.ExpressionCodegen.visitCall(ExpressionCodegen.kt:140)
	at org.jetbrains.kotlin.ir.expressions.IrCall.accept(IrCall.kt:24)
	at org.jetbrains.kotlin.backend.jvm.codegen.ExpressionCodegen.visitStatementContainer(ExpressionCodegen.kt:491)
	at org.jetbrains.kotlin.backend.jvm.codegen.ExpressionCodegen.visitBlockBody(ExpressionCodegen.kt:496)
	at org.jetbrains.kotlin.backend.jvm.codegen.ExpressionCodegen.visitBlockBody(ExpressionCodegen.kt:140)
	at org.jetbrains.kotlin.ir.expressions.IrBlockBody.accept(IrBlockBody.kt:20)
	at org.jetbrains.kotlin.backend.jvm.codegen.ExpressionCodegen.generate(ExpressionCodegen.kt:233)
	at org.jetbrains.kotlin.backend.jvm.codegen.FunctionCodegen.doGenerate(FunctionCodegen.kt:135)
	at org.jetbrains.kotlin.backend.jvm.codegen.FunctionCodegen.generate(FunctionCodegen.kt:54)
	... 87 more
Caused by: java.lang.IllegalStateException: couldn't find inline method Landroidx/compose/foundation/layout/ColumnKt;.Column$default(Landroidx/compose/ui/Modifier;Landroidx/compose/foundation/layout/Arrangement$Vertical;Landroidx/compose/ui/Alignment$Horizontal;Lkotlin/jvm/functions/Function1;ILjava/lang/Object;)V
	at org.jetbrains.kotlin.codegen.inline.SourceCompilerForInlineKt.getMethodNode(SourceCompilerForInline.kt:129)
	at org.jetbrains.kotlin.codegen.inline.SourceCompilerForInlineKt.loadCompiledInlineFunction$lambda$0(SourceCompilerForInline.kt:98)
	at org.jetbrains.kotlin.codegen.inline.InlineCache.computeMethodBytes(InlineCache.kt:90)
	at org.jetbrains.kotlin.codegen.inline.SourceCompilerForInlineKt.loadCompiledInlineFunction(SourceCompilerForInline.kt:93)
	at org.jetbrains.kotlin.backend.jvm.codegen.IrSourceCompilerForInline.compileInlineFunction(IrSourceCompilerForInline.kt:96)
	at org.jetbrains.kotlin.backend.jvm.codegen.IrInlineCodegen.genInlineCall(IrInlineCodegen.kt:64)
	... 98 more


error message: java.lang.RuntimeException: Exception while generating code for:
FUN LOCAL_FUNCTION_FOR_LAMBDA name:HomeScreen$lambda$2$0$0 visibility:private modality:FINAL returnType:kotlin.Unit?
  VALUE_PARAMETER BOUND_VALUE_PARAMETER kind:Regular name:$uiState$delegate index:0 type:androidx.compose.runtime.State<com.template.app.presentation.home.HomeUiState>
  VALUE_PARAMETER BOUND_VALUE_PARAMETER kind:Regular name:$onItemClick index:1 type:kotlin.Function1<com.template.app.domain.model.ExampleItem, kotlin.Unit>
  VALUE_PARAMETER kind:Regular name:$this$LazyColumn index:2 type:androidx.compose.foundation.lazy.LazyListScope
  BLOCK_BODY
    CALL 'public final fun items$default <T> (<this>: androidx.compose.foundation.lazy.LazyListScope, items: kotlin.collections.List<T of androidx.compose.foundation.lazy.LazyDslKt.items$default>, key: kotlin.Function1<@[ParameterName(name = "item")] T of androidx.compose.foundation.lazy.LazyDslKt.items$default, kotlin.Any>?, contentType: kotlin.Function1<@[ParameterName(name = "item")] T of androidx.compose.foundation.lazy.LazyDslKt.items$default, kotlin.Any?>?, itemContent: @[Composable] @[ExtensionFunctionType] kotlin.Function2<androidx.compose.foundation.lazy.LazyItemScope, @[ParameterName(name = "item")] T of androidx.compose.foundation.lazy.LazyDslKt.items$default, kotlin.Unit>, $mask0: kotlin.Int, $handler: kotlin.Any?): kotlin.Unit [inline] declared in androidx.compose.foundation.lazy.LazyDslKt' type=kotlin.Unit origin=DEFAULT_DISPATCH_CALL
      TYPE_ARG T: com.template.app.domain.model.ExampleItem
      ARG <this>: GET_VAR '$this$LazyColumn: androidx.compose.foundation.lazy.LazyListScope declared in com.template.app.presentation.home.HomeScreenKt.HomeScreen$lambda$2$0$0' type=androidx.compose.foundation.lazy.LazyListScope origin=null
      ARG items: CALL 'public final fun <get-items> (): kotlin.collections.List<com.template.app.domain.model.ExampleItem> declared in com.template.app.presentation.home.HomeUiState' type=kotlin.collections.List<com.template.app.domain.model.ExampleItem> origin=GET_PROPERTY
        ARG <this>: CALL 'private final fun HomeScreen$lambda$0 ($uiState$delegate: androidx.compose.runtime.State<com.template.app.presentation.home.HomeUiState>): com.template.app.presentation.home.HomeUiState declared in com.template.app.presentation.home.HomeScreenKt' type=com.template.app.presentation.home.HomeUiState origin=GET_LOCAL_PROPERTY
          ARG $uiState$delegate: GET_VAR '$uiState$delegate: androidx.compose.runtime.State<com.template.app.presentation.home.HomeUiState> declared in com.template.app.presentation.home.HomeScreenKt.HomeScreen$lambda$2$0$0' type=androidx.compose.runtime.State<com.template.app.presentation.home.HomeUiState> origin=null
      ARG key: COMPOSITE type=kotlin.Function1<@[ParameterName(name = "item")] T of androidx.compose.foundation.lazy.LazyDslKt.items$default, kotlin.Any>? origin=DEFAULT_VALUE
        CONST Null type=kotlin.Function1<@[ParameterName(name = "item")] T of androidx.compose.foundation.lazy.LazyDslKt.items$default, kotlin.Any>? value=null
      ARG contentType: COMPOSITE type=kotlin.Function1<@[ParameterName(name = "item")] T of androidx.compose.foundation.lazy.LazyDslKt.items$default, kotlin.Any?>? origin=DEFAULT_VALUE
        CONST Null type=kotlin.Function1<@[ParameterName(name = "item")] T of androidx.compose.foundation.lazy.LazyDslKt.items$default, kotlin.Any?>? value=null
      ARG itemContent: RICH_FUNCTION_REFERENCE type=@[ExtensionFunctionType] kotlin.Function2<androidx.compose.foundation.lazy.LazyItemScope, com.template.app.domain.model.ExampleItem, kotlin.Unit> origin=INLINE_LAMBDA reflectionTarget='null'
        overriddenFunctionSymbol: public abstract fun invoke (p1: P1 of kotlin.Function2, p2: P2 of kotlin.Function2): R of kotlin.Function2 [operator] declared in kotlin.Function2
        bound $onItemClick: GET_VAR '$onItemClick: kotlin.Function1<com.template.app.domain.model.ExampleItem, kotlin.Unit> declared in com.template.app.presentation.home.HomeScreenKt.HomeScreen$lambda$2$0$0' type=kotlin.Function1<com.template.app.domain.model.ExampleItem, kotlin.Unit> origin=null
        invoke: FUN INLINE_LAMBDA name:HomeScreen$lambda$2$0$0$0 visibility:private modality:FINAL returnType:kotlin.Unit
          VALUE_PARAMETER BOUND_VALUE_PARAMETER kind:Regular name:$onItemClick index:0 type:kotlin.Function1<com.template.app.domain.model.ExampleItem, kotlin.Unit>
          VALUE_PARAMETER BOUND_RECEIVER_PARAMETER kind:Regular name:$this$items index:1 type:androidx.compose.foundation.lazy.LazyItemScope
          VALUE_PARAMETER kind:Regular name:item index:2 type:com.template.app.domain.model.ExampleItem
          BLOCK_BODY
            VAR name:$i$a$-items$default-HomeScreenKt$HomeScreen$2$1$1$1 type:kotlin.Int [val]
              CONST Int type=kotlin.Int value=0
            BLOCK type=kotlin.Unit origin=ARGUMENTS_REORDERING_FOR_CALL
              VAR IR_TEMPORARY_VARIABLE name:tmp0_modifier type:androidx.compose.ui.Modifier [val]
                CALL 'public final fun fillMaxWidth$default (<this>: androidx.compose.ui.Modifier, fraction: kotlin.Float, $mask0: kotlin.Int, $handler: kotlin.Any?): androidx.compose.ui.Modifier declared in androidx.compose.foundation.layout.SizeKt' type=androidx.compose.ui.Modifier origin=DEFAULT_DISPATCH_CALL
                  ARG <this>: GET_FIELD 'FIELD FIELD_FOR_OBJECT_INSTANCE name:Companion type:androidx.compose.ui.Modifier.Companion visibility:public [final,static] declared in androidx.compose.ui.Modifier' type=androidx.compose.ui.Modifier.Companion origin=null
                  ARG fraction: COMPOSITE type=kotlin.Float origin=DEFAULT_VALUE
                    CONST Float type=kotlin.Float value=0.0
                  ARG $mask0: CONST Int type=kotlin.Int value=1
                  ARG $handler: CONST Null type=kotlin.Any? value=null
              VAR IR_TEMPORARY_VARIABLE name:tmp1_elevation type:androidx.compose.material3.CardElevation [val]
                CALL 'public final fun cardElevation-i0G_0kk$default ($this: androidx.compose.material3.CardDefaults, defaultElevation: androidx.compose.ui.unit.Dp, pressedElevation: androidx.compose.ui.unit.Dp, focusedElevation: androidx.compose.ui.unit.Dp, hoveredElevation: androidx.compose.ui.unit.Dp, draggedElevation: androidx.compose.ui.unit.Dp, disabledElevation: androidx.compose.ui.unit.Dp, $mask0: kotlin.Int, $handler: kotlin.Any?): androidx.compose.material3.CardElevation declared in androidx.compose.material3.CardDefaults' type=androidx.compose.material3.CardElevation origin=DEFAULT_DISPATCH_CALL
                  ARG $this: GET_FIELD 'FIELD FIELD_FOR_OBJECT_INSTANCE name:INSTANCE type:androidx.compose.material3.CardDefaults visibility:public [final,static] declared in androidx.compose.material3.CardDefaults' type=androidx.compose.material3.CardDefaults origin=null
                  ARG defaultElevation: CALL 'public final fun <get-dp> (<this>: kotlin.Int): androidx.compose.ui.unit.Dp [inline] declared in androidx.compose.ui.unit.DpKt' type=androidx.compose.ui.unit.Dp origin=GET_PROPERTY
                    ARG <this>: CONST Int type=kotlin.Int value=4
                  ARG pressedElevation: COMPOSITE type=androidx.compose.ui.unit.Dp origin=DEFAULT_VALUE
                    CALL 'public final fun <unsafe-coerce> <T, R> (v: T of kotlin.jvm.internal.<unsafe-coerce>): R of kotlin.jvm.internal.<unsafe-coerce> declared in kotlin.jvm.internal' type=androidx.compose.ui.unit.Dp origin=null
                      TYPE_ARG T: kotlin.Float
                      TYPE_ARG R: androidx.compose.ui.unit.Dp
                      ARG v: CONST Float type=kotlin.Float value=0.0
                  ARG focusedElevation: COMPOSITE type=androidx.compose.ui.unit.Dp origin=DEFAULT_VALUE
                    CALL 'public final fun <unsafe-coerce> <T, R> (v: T of kotlin.jvm.internal.<unsafe-coerce>): R of kotlin.jvm.internal.<unsafe-coerce> declared in kotlin.jvm.internal' type=androidx.compose.ui.unit.Dp origin=null
                      TYPE_ARG T: kotlin.Float
                      TYPE_ARG R: androidx.compose.ui.unit.Dp
                      ARG v: CONST Float type=kotlin.Float value=0.0
                  ARG hoveredElevation: COMPOSITE type=androidx.compose.ui.unit.Dp origin=DEFAULT_VALUE
                    CALL 'public final fun <unsafe-coerce> <T, R> (v: T of kotlin.jvm.internal.<unsafe-coerce>): R of kotlin.jvm.internal.<unsafe-coerce> declared in kotlin.jvm.internal' type=androidx.compose.ui.unit.Dp origin=null
                      TYPE_ARG T: kotlin.Float
                      TYPE_ARG R: androidx.compose.ui.unit.Dp
                      ARG v: CONST Float type=kotlin.Float value=0.0
                  ARG draggedElevation: COMPOSITE type=androidx.compose.ui.unit.Dp origin=DEFAULT_VALUE
                    CALL 'public final fun <unsafe-coerce> <T, R> (v: T of kotlin.jvm.internal.<unsafe-coerce>): R of kotlin.jvm.internal.<unsafe-coerce> declared in kotlin.jvm.internal' type=androidx.compose.ui.unit.Dp origin=null
                      TYPE_ARG T: kotlin.Float
                      TYPE_ARG R: androidx.compose.ui.unit.Dp
                      ARG v: CONST Float type=kotlin.Float value=0.0
                  ARG disabledElevation: COMPOSITE type=androidx.compose.ui.unit.Dp origin=DEFAULT_VALUE
                    CALL 'public final fun <unsafe-coerce> <T, R> (v: T of kotlin.jvm.internal.<unsafe-coerce>): R of kotlin.jvm.internal.<unsafe-coerce> declared in kotlin.jvm.internal' type=androidx.compose.ui.unit.Dp origin=null
                      TYPE_ARG T: kotlin.Float
                      TYPE_ARG R: androidx.compose.ui.unit.Dp
                      ARG v: CONST Float type=kotlin.Float value=0.0
                  ARG $mask0: CONST Int type=kotlin.Int value=62
                  ARG $handler: CONST Null type=kotlin.Any? value=null
              CALL 'public final fun Card$default (onClick: kotlin.Function0<kotlin.Unit>, modifier: androidx.compose.ui.Modifier?, enabled: kotlin.Boolean, shape: androidx.compose.ui.graphics.Shape?, colors: androidx.compose.material3.CardColors?, elevation: androidx.compose.material3.CardElevation?, border: androidx.compose.foundation.BorderStroke?, interactionSource: androidx.compose.foundation.interaction.MutableInteractionSource?, content: @[Composable] @[ExtensionFunctionType] kotlin.Function1<androidx.compose.foundation.layout.ColumnScope, kotlin.Unit>, $mask0: kotlin.Int, $handler: kotlin.Any?): kotlin.Unit declared in androidx.compose.material3.CardKt' type=kotlin.Unit origin=DEFAULT_DISPATCH_CALL
                ARG onClick: BLOCK type=com.template.app.presentation.home.HomeScreenKt.HomeScreen$lambda$2$0$0.HomeScreen$lambda$2$0$0$0.<no name provided> origin=null
                  CLASS LAMBDA_IMPL CLASS name:<no name provided> modality:FINAL visibility:public/*package*/ superTypes:[kotlin.Any; kotlin.Function0<kotlin.Unit>]
                    thisReceiver: VALUE_PARAMETER INSTANCE_RECEIVER kind:DispatchReceiver name:<this> type:com.template.app.presentation.home.HomeScreenKt.HomeScreen$lambda$2$0$0.HomeScreen$lambda$2$0$0$0.<no name provided>
                    CONSTRUCTOR GENERATED_MEMBER_IN_CALLABLE_REFERENCE visibility:public/*package*/ returnType:com.template.app.presentation.home.HomeScreenKt.HomeScreen$lambda$2$0$0.HomeScreen$lambda$2$0$0$0.<no name provided> [primary]
                      VALUE_PARAMETER BOUND_VALUE_PARAMETER kind:Regular name:$onItemClick index:0 type:kotlin.Function1<com.template.app.domain.model.ExampleItem, kotlin.Unit>
                      VALUE_PARAMETER BOUND_VALUE_PARAMETER kind:Regular name:$item index:1 type:com.template.app.domain.model.ExampleItem
                      BLOCK_BODY
                        SET_FIELD 'FIELD FIELD_FOR_CAPTURED_VALUE name:$onItemClick type:kotlin.Function1<com.template.app.domain.model.ExampleItem, kotlin.Unit> visibility:public/*package*/ [final] declared in com.template.app.presentation.home.HomeScreenKt.HomeScreen$lambda$2$0$0.HomeScreen$lambda$2$0$0$0.<no name provided>' type=kotlin.Unit origin=INITIALIZER_OF_FIELD_FOR_CAPTURED_VALUE
                          receiver: GET_VAR '<this>: com.template.app.presentation.home.HomeScreenKt.HomeScreen$lambda$2$0$0.HomeScreen$lambda$2$0$0$0.<no name provided> declared in com.template.app.presentation.home.HomeScreenKt.HomeScreen$lambda$2$0$0.HomeScreen$lambda$2$0$0$0.<no name provided>' type=com.template.app.presentation.home.HomeScreenKt.HomeScreen$lambda$2$0$0.HomeScreen$lambda$2$0$0$0.<no name provided> origin=null
                          value: GET_VAR '$onItemClick: kotlin.Function1<com.template.app.domain.model.ExampleItem, kotlin.Unit> declared in com.template.app.presentation.home.HomeScreenKt.HomeScreen$lambda$2$0$0.HomeScreen$lambda$2$0$0$0.<no name provided>.<init>' type=kotlin.Function1<com.template.app.domain.model.ExampleItem, kotlin.Unit> origin=null
                        SET_FIELD 'FIELD FIELD_FOR_CAPTURED_VALUE name:$item type:com.template.app.domain.model.ExampleItem visibility:public/*package*/ [final] declared in com.template.app.presentation.home.HomeScreenKt.HomeScreen$lambda$2$0$0.HomeScreen$lambda$2$0$0$0.<no name provided>' type=kotlin.Unit origin=INITIALIZER_OF_FIELD_FOR_CAPTURED_VALUE
                          receiver: GET_VAR '<this>: com.template.app.presentation.home.HomeScreenKt.HomeScreen$lambda$2$0$0.HomeScreen$lambda$2$0$0$0.<no name provided> declared in com.template.app.presentation.home.HomeScreenKt.HomeScreen$lambda$2$0$0.HomeScreen$lambda$2$0$0$0.<no name provided>' type=com.template.app.presentation.home.HomeScreenKt.HomeScreen$lambda$2$0$0.HomeScreen$lambda$2$0$0$0.<no name provided> origin=null
                          value: GET_VAR '$item: com.template.app.domain.model.ExampleItem declared in com.template.app.presentation.home.HomeScreenKt.HomeScreen$lambda$2$0$0.HomeScreen$lambda$2$0$0$0.<no name provided>.<init>' type=com.template.app.domain.model.ExampleItem origin=null
                        DELEGATING_CONSTRUCTOR_CALL 'public constructor <init> () [primary] declared in kotlin.Any'
                        BLOCK type=kotlin.Unit origin=null
                    FUN name:invoke visibility:public modality:FINAL returnType:kotlin.Unit
                      VALUE_PARAMETER INSTANCE_RECEIVER kind:DispatchReceiver name:<this> index:0 type:com.template.app.presentation.home.HomeScreenKt.HomeScreen$lambda$2$0$0.HomeScreen$lambda$2$0$0$0.<no name provided>
                      overridden:
                        public abstract fun invoke (): R of kotlin.Function0 [operator] declared in kotlin.Function0
                      BLOCK_BODY
                        CALL 'public abstract fun invoke (p1: P1 of kotlin.Function1): R of kotlin.Function1 [operator] declared in kotlin.Function1' type=kotlin.Unit origin=INVOKE
                          ARG <this>: GET_FIELD 'FIELD FIELD_FOR_CAPTURED_VALUE name:$onItemClick type:kotlin.Function1<com.template.app.domain.model.ExampleItem, kotlin.Unit> visibility:public/*package*/ [final] declared in com.template.app.presentation.home.HomeScreenKt.HomeScreen$lambda$2$0$0.HomeScreen$lambda$2$0$0$0.<no name provided>' type=kotlin.Function1<com.template.app.domain.model.ExampleItem, kotlin.Unit> origin=null
                            receiver: GET_VAR '<this>: com.template.app.presentation.home.HomeScreenKt.HomeScreen$lambda$2$0$0.HomeScreen$lambda$2$0$0$0.<no name provided> declared in com.template.app.presentation.home.HomeScreenKt.HomeScreen$lambda$2$0$0.HomeScreen$lambda$2$0$0$0.<no name provided>.invoke' type=com.template.app.presentation.home.HomeScreenKt.HomeScreen$lambda$2$0$0.HomeScreen$lambda$2$0$0$0.<no name provided> origin=null
                          ARG p1: GET_FIELD 'FIELD FIELD_FOR_CAPTURED_VALUE name:$item type:com.template.app.domain.model.ExampleItem visibility:public/*package*/ [final] declared in com.template.app.presentation.home.HomeScreenKt.HomeScreen$lambda$2$0$0.HomeScreen$lambda$2$0$0$0.<no name provided>' type=com.template.app.domain.model.ExampleItem origin=null
                            receiver: GET_VAR '<this>: com.template.app.presentation.home.HomeScreenKt.HomeScreen$lambda$2$0$0.HomeScreen$lambda$2$0$0$0.<no name provided> declared in com.template.app.presentation.home.HomeScreenKt.HomeScreen$lambda$2$0$0.HomeScreen$lambda$2$0$0$0.<no name provided>.invoke' type=com.template.app.presentation.home.HomeScreenKt.HomeScreen$lambda$2$0$0.HomeScreen$lambda$2$0$0$0.<no name provided> origin=null
                    FIELD FIELD_FOR_CAPTURED_VALUE name:$onItemClick type:kotlin.Function1<com.template.app.domain.model.ExampleItem, kotlin.Unit> visibility:public/*package*/ [final]
                    FIELD FIELD_FOR_CAPTURED_VALUE name:$item type:com.template.app.domain.model.ExampleItem visibility:public/*package*/ [final]
                    FUN BRIDGE name:invoke visibility:public modality:OPEN returnType:kotlin.Any?
                      VALUE_PARAMETER INSTANCE_RECEIVER kind:DispatchReceiver name:<this> index:0 type:com.template.app.presentation.home.HomeScreenKt.HomeScreen$lambda$2$0$0.HomeScreen$lambda$2$0$0$0.<no name provided>
                      EXPRESSION_BODY
                        RETURN type=kotlin.Nothing from='public open fun invoke (): kotlin.Any? declared in com.template.app.presentation.home.HomeScreenKt.HomeScreen$lambda$2$0$0.HomeScreen$lambda$2$0$0$0.<no name provided>'
                          CALL 'public final fun invoke (): kotlin.Unit declared in com.template.app.presentation.home.HomeScreenKt.HomeScreen$lambda$2$0$0.HomeScreen$lambda$2$0$0$0.<no name provided>' type=kotlin.Unit origin=BRIDGE_DELEGATION
                            ARG <this>: GET_VAR '<this>: com.template.app.presentation.home.HomeScreenKt.HomeScreen$lambda$2$0$0.HomeScreen$lambda$2$0$0$0.<no name provided> declared in com.template.app.presentation.home.HomeScreenKt.HomeScreen$lambda$2$0$0.HomeScreen$lambda$2$0$0$0.<no name provided>.invoke' type=com.template.app.presentation.home.HomeScreenKt.HomeScreen$lambda$2$0$0.HomeScreen$lambda$2$0$0$0.<no name provided> origin=null
                  CONSTRUCTOR_CALL 'public/*package*/ constructor <init> ($onItemClick: kotlin.Function1<com.template.app.domain.model.ExampleItem, kotlin.Unit>, $item: com.template.app.domain.model.ExampleItem) [primary] declared in com.template.app.presentation.home.HomeScreenKt.HomeScreen$lambda$2$0$0.HomeScreen$lambda$2$0$0$0.<no name provided>' type=com.template.app.presentation.home.HomeScreenKt.HomeScreen$lambda$2$0$0.HomeScreen$lambda$2$0$0$0.<no name provided> origin=null
                    ARG $onItemClick: GET_VAR '$onItemClick: kotlin.Function1<com.template.app.domain.model.ExampleItem, kotlin.Unit> declared in com.template.app.presentation.home.HomeScreenKt.HomeScreen$lambda$2$0$0.HomeScreen$lambda$2$0$0$0' type=kotlin.Function1<com.template.app.domain.model.ExampleItem, kotlin.Unit> origin=null
                    ARG $item: GET_VAR 'item: com.template.app.domain.model.ExampleItem declared in com.template.app.presentation.home.HomeScreenKt.HomeScreen$lambda$2$0$0.HomeScreen$lambda$2$0$0$0' type=com.template.app.domain.model.ExampleItem origin=null
                ARG modifier: GET_VAR 'val tmp0_modifier: androidx.compose.ui.Modifier [val] declared in com.template.app.presentation.home.HomeScreenKt.HomeScreen$lambda$2$0$0.HomeScreen$lambda$2$0$0$0' type=androidx.compose.ui.Modifier origin=null
                ARG enabled: COMPOSITE type=kotlin.Boolean origin=DEFAULT_VALUE
                  CONST Boolean type=kotlin.Boolean value=false
                ARG shape: COMPOSITE type=androidx.compose.ui.graphics.Shape? origin=DEFAULT_VALUE
                  CONST Null type=androidx.compose.ui.graphics.Shape? value=null
                ARG colors: COMPOSITE type=androidx.compose.material3.CardColors? origin=DEFAULT_VALUE
                  CONST Null type=androidx.compose.material3.CardColors? value=null
                ARG elevation: GET_VAR 'val tmp1_elevation: androidx.compose.material3.CardElevation [val] declared in com.template.app.presentation.home.HomeScreenKt.HomeScreen$lambda$2$0$0.HomeScreen$lambda$2$0$0$0' type=androidx.compose.material3.CardElevation origin=null
                ARG border: COMPOSITE type=androidx.compose.foundation.BorderStroke? origin=DEFAULT_VALUE
                  CONST Null type=androidx.compose.foundation.BorderStroke? value=null
                ARG interactionSource: COMPOSITE type=androidx.compose.foundation.interaction.MutableInteractionSource? origin=DEFAULT_VALUE
                  CONST Null type=androidx.compose.foundation.interaction.MutableInteractionSource? value=null
                ARG content: BLOCK type=com.template.app.presentation.home.HomeScreenKt.HomeScreen$lambda$2$0$0.HomeScreen$lambda$2$0$0$0.<no name provided> origin=null
                  CLASS LAMBDA_IMPL CLASS name:<no name provided> modality:FINAL visibility:public/*package*/ superTypes:[kotlin.Any; kotlin.Function1<androidx.compose.foundation.layout.ColumnScope, kotlin.Unit>]
                    thisReceiver: VALUE_PARAMETER INSTANCE_RECEIVER kind:DispatchReceiver name:<this> type:com.template.app.presentation.home.HomeScreenKt.HomeScreen$lambda$2$0$0.HomeScreen$lambda$2$0$0$0.<no name provided>
                    CONSTRUCTOR GENERATED_MEMBER_IN_CALLABLE_REFERENCE visibility:public/*package*/ returnType:com.template.app.presentation.home.HomeScreenKt.HomeScreen$lambda$2$0$0.HomeScreen$lambda$2$0$0$0.<no name provided> [primary]
                      VALUE_PARAMETER BOUND_VALUE_PARAMETER kind:Regular name:$item index:0 type:com.template.app.domain.model.ExampleItem
                      BLOCK_BODY
                        SET_FIELD 'FIELD FIELD_FOR_CAPTURED_VALUE name:$item type:com.template.app.domain.model.ExampleItem visibility:public/*package*/ [final] declared in com.template.app.presentation.home.HomeScreenKt.HomeScreen$lambda$2$0$0.HomeScreen$lambda$2$0$0$0.<no name provided>' type=kotlin.Unit origin=INITIALIZER_OF_FIELD_FOR_CAPTURED_VALUE
                          receiver: GET_VAR '<this>: com.template.app.presentation.home.HomeScreenKt.HomeScreen$lambda$2$0$0.HomeScreen$lambda$2$0$0$0.<no name provided> declared in com.template.app.presentation.home.HomeScreenKt.HomeScreen$lambda$2$0$0.HomeScreen$lambda$2$0$0$0.<no name provided>' type=com.template.app.presentation.home.HomeScreenKt.HomeScreen$lambda$2$0$0.HomeScreen$lambda$2$0$0$0.<no name provided> origin=null
                          value: GET_VAR '$item: com.template.app.domain.model.ExampleItem declared in com.template.app.presentation.home.HomeScreenKt.HomeScreen$lambda$2$0$0.HomeScreen$lambda$2$0$0$0.<no name provided>.<init>' type=com.template.app.domain.model.ExampleItem origin=null
                        DELEGATING_CONSTRUCTOR_CALL 'public constructor <init> () [primary] declared in kotlin.Any'
                        BLOCK type=kotlin.Unit origin=null
                    FUN name:invoke visibility:public modality:FINAL returnType:kotlin.Unit
                      VALUE_PARAMETER INSTANCE_RECEIVER kind:DispatchReceiver name:<this> index:0 type:com.template.app.presentation.home.HomeScreenKt.HomeScreen$lambda$2$0$0.HomeScreen$lambda$2$0$0$0.<no name provided>
                      VALUE_PARAMETER kind:Regular name:$this$Card index:1 type:androidx.compose.foundation.layout.ColumnScope
                      overridden:
                        public abstract fun invoke (p1: P1 of kotlin.Function1): R of kotlin.Function1 [operator] declared in kotlin.Function1
                      BLOCK_BODY
                        CALL 'public final fun Column$default (modifier: androidx.compose.ui.Modifier?, verticalArrangement: androidx.compose.foundation.layout.Arrangement.Vertical?, horizontalAlignment: androidx.compose.ui.Alignment.Horizontal?, content: @[Composable] @[ExtensionFunctionType] kotlin.Function1<androidx.compose.foundation.layout.ColumnScope, kotlin.Unit>, $mask0: kotlin.Int, $handler: kotlin.Any?): kotlin.Unit [inline] declared in androidx.compose.foundation.layout.ColumnKt' type=kotlin.Unit origin=DEFAULT_DISPATCH_CALL
                          ARG modifier: CALL 'public final fun padding-3ABfNKs ($this$padding: androidx.compose.ui.Modifier, all: androidx.compose.ui.unit.Dp): androidx.compose.ui.Modifier declared in androidx.compose.foundation.layout.PaddingKt' type=androidx.compose.ui.Modifier origin=null
                            ARG $this$padding: GET_FIELD 'FIELD FIELD_FOR_OBJECT_INSTANCE name:Companion type:androidx.compose.ui.Modifier.Companion visibility:public [final,static] declared in androidx.compose.ui.Modifier' type=androidx.compose.ui.Modifier.Companion origin=null
                            ARG all: CALL 'public final fun <get-dp> (<this>: kotlin.Int): androidx.compose.ui.unit.Dp [inline] declared in androidx.compose.ui.unit.DpKt' type=androidx.compose.ui.unit.Dp origin=GET_PROPERTY
                              ARG <this>: CONST Int type=kotlin.Int value=16
                          ARG verticalArrangement: COMPOSITE type=androidx.compose.foundation.layout.Arrangement.Vertical? origin=DEFAULT_VALUE
                            CONST Null type=androidx.compose.foundation.layout.Arrangement.Vertical? value=null
                          ARG horizontalAlignment: COMPOSITE type=androidx.compose.ui.Alignment.Horizontal? origin=DEFAULT_VALUE
                            CONST Null type=androidx.compose.ui.Alignment.Horizontal? value=null
                          ARG content: RICH_FUNCTION_REFERENCE type=@[ExtensionFunctionType] kotlin.Function1<androidx.compose.foundation.layout.ColumnScope, kotlin.Unit> origin=INLINE_LAMBDA reflectionTarget='null'
                            overriddenFunctionSymbol: public abstract fun invoke (p1: P1 of kotlin.Function1): R of kotlin.Function1 [operator] declared in kotlin.Function1
                            bound $item: GET_FIELD 'FIELD FIELD_FOR_CAPTURED_VALUE name:$item type:com.template.app.domain.model.ExampleItem visibility:public/*package*/ [final] declared in com.template.app.presentation.home.HomeScreenKt.HomeScreen$lambda$2$0$0.HomeScreen$lambda$2$0$0$0.<no name provided>' type=com.template.app.domain.model.ExampleItem origin=null
                              receiver: GET_VAR '<this>: com.template.app.presentation.home.HomeScreenKt.HomeScreen$lambda$2$0$0.HomeScreen$lambda$2$0$0$0.<no name provided> declared in com.template.app.presentation.home.HomeScreenKt.HomeScreen$lambda$2$0$0.HomeScreen$lambda$2$0$0$0.<no name provided>.invoke' type=com.template.app.presentation.home.HomeScreenKt.HomeScreen$lambda$2$0$0.HomeScreen$lambda$2$0$0$0.<no name provided> origin=null
                            invoke: FUN INLINE_LAMBDA name:invoke$lambda$0 visibility:private modality:FINAL returnType:kotlin.Unit
                              VALUE_PARAMETER BOUND_VALUE_PARAMETER kind:Regular name:$item index:0 type:com.template.app.domain.model.ExampleItem
                              VALUE_PARAMETER BOUND_RECEIVER_PARAMETER kind:Regular name:$this$Column index:1 type:androidx.compose.foundation.layout.ColumnScope
                              BLOCK_BODY
                                VAR name:$i$a$-Column$default-HomeScreenKt$HomeScreen$2$1$1$1$2$1 type:kotlin.Int [val]
                                  CONST Int type=kotlin.Int value=0
                                BLOCK type=kotlin.Unit origin=ARGUMENTS_REORDERING_FOR_CALL
                                  VAR IR_TEMPORARY_VARIABLE name:tmp0_text type:kotlin.String [val]
                                    CALL 'public final fun <get-title> (): kotlin.String declared in com.template.app.domain.model.ExampleItem' type=kotlin.String origin=GET_PROPERTY
                                      ARG <this>: GET_VAR '$item: com.template.app.domain.model.ExampleItem declared in com.template.app.presentation.home.HomeScreenKt.HomeScreen$lambda$2$0$0.HomeScreen$lambda$2$0$0$0.<no name provided>.invoke.invoke$lambda$0' type=com.template.app.domain.model.ExampleItem origin=null
                                  VAR IR_TEMPORARY_VARIABLE name:tmp1_style type:androidx.compose.ui.text.TextStyle [val]
                                    CALL 'public final fun <get-titleLarge> (): androidx.compose.ui.text.TextStyle declared in androidx.compose.material3.Typography' type=androidx.compose.ui.text.TextStyle origin=GET_PROPERTY
                                      ARG <this>: CALL 'public final fun <get-typography> (): androidx.compose.material3.Typography declared in androidx.compose.material3.MaterialTheme' type=androidx.compose.material3.Typography origin=GET_PROPERTY
                                        ARG <this>: GET_FIELD 'FIELD FIELD_FOR_OBJECT_INSTANCE name:INSTANCE type:androidx.compose.material3.MaterialTheme visibility:public [final,static] declared in androidx.compose.material3.MaterialTheme' type=androidx.compose.material3.MaterialTheme origin=null
                                  VAR IR_TEMPORARY_VARIABLE name:tmp2_color type:androidx.compose.ui.graphics.Color [val]
                                    CALL 'public final fun getOnSurface-0d7_KjU (): androidx.compose.ui.graphics.Color declared in androidx.compose.material3.ColorScheme' type=androidx.compose.ui.graphics.Color origin=GET_PROPERTY
                                      ARG <this>: CALL 'public final fun <get-colorScheme> (): androidx.compose.material3.ColorScheme declared in androidx.compose.material3.MaterialTheme' type=androidx.compose.material3.ColorScheme origin=GET_PROPERTY
                                        ARG <this>: GET_FIELD 'FIELD FIELD_FOR_OBJECT_INSTANCE name:INSTANCE type:androidx.compose.material3.MaterialTheme visibility:public [final,static] declared in androidx.compose.material3.MaterialTheme' type=androidx.compose.material3.MaterialTheme origin=null
                                  CALL 'public final fun Text-80ic1_w$default (text: kotlin.String, modifier: androidx.compose.ui.Modifier?, color: androidx.compose.ui.graphics.Color, fontSize: androidx.compose.ui.unit.TextUnit, fontStyle: androidx.compose.ui.text.font.FontStyle?, fontWeight: androidx.compose.ui.text.font.FontWeight?, fontFamily: androidx.compose.ui.text.font.FontFamily?, letterSpacing: androidx.compose.ui.unit.TextUnit, textDecoration: androidx.compose.ui.text.style.TextDecoration?, textAlign: androidx.compose.ui.text.style.TextAlign?, lineHeight: androidx.compose.ui.unit.TextUnit, overflow: androidx.compose.ui.text.style.TextOverflow, softWrap: kotlin.Boolean, maxLines: kotlin.Int, minLines: kotlin.Int, onTextLayout: kotlin.Function1<androidx.compose.ui.text.TextLayoutResult, kotlin.Unit>?, style: androidx.compose.ui.text.TextStyle?, $mask0: kotlin.Int, $handler: kotlin.Any?): kotlin.Unit declared in androidx.compose.material3.TextKt' type=kotlin.Unit origin=DEFAULT_DISPATCH_CALL
                                    ARG text: GET_VAR 'val tmp0_text: kotlin.String [val] declared in com.template.app.presentation.home.HomeScreenKt.HomeScreen$lambda$2$0$0.HomeScreen$lambda$2$0$0$0.<no name provided>.invoke.invoke$lambda$0' type=kotlin.String origin=null
                                    ARG modifier: COMPOSITE type=androidx.compose.ui.Modifier? origin=DEFAULT_VALUE
                                      CONST Null type=androidx.compose.ui.Modifier? value=null
                                    ARG color: GET_VAR 'val tmp2_color: androidx.compose.ui.graphics.Color [val] declared in com.template.app.presentation.home.HomeScreenKt.HomeScreen$lambda$2$0$0.HomeScreen$lambda$2$0$0$0.<no name provided>.invoke.invoke$lambda$0' type=androidx.compose.ui.graphics.Color origin=null
                                    ARG fontSize: COMPOSITE type=androidx.compose.ui.unit.TextUnit origin=DEFAULT_VALUE
                                      CALL 'public final fun <unsafe-coerce> <T, R> (v: T of kotlin.jvm.internal.<unsafe-coerce>): R of kotlin.jvm.internal.<unsafe-coerce> declared in kotlin.jvm.internal' type=androidx.compose.ui.unit.TextUnit origin=null
                                        TYPE_ARG T: kotlin.Long
                                        TYPE_ARG R: androidx.compose.ui.unit.TextUnit
                                        ARG v: CONST Long type=kotlin.Long value=0
                                    ARG fontStyle: COMPOSITE type=androidx.compose.ui.text.font.FontStyle? origin=DEFAULT_VALUE
                                      CONST Null type=androidx.compose.ui.text.font.FontStyle? value=null
                                    ARG fontWeight: COMPOSITE type=androidx.compose.ui.text.font.FontWeight? origin=DEFAULT_VALUE
                                      CONST Null type=androidx.compose.ui.text.font.FontWeight? value=null
                                    ARG fontFamily: COMPOSITE type=androidx.compose.ui.text.font.FontFamily? origin=DEFAULT_VALUE
                                      CONST Null type=androidx.compose.ui.text.font.FontFamily? value=null
                                    ARG letterSpacing: COMPOSITE type=androidx.compose.ui.unit.TextUnit origin=DEFAULT_VALUE
                                      CALL 'public final fun <unsafe-coerce> <T, R> (v: T of kotlin.jvm.internal.<unsafe-coerce>): R of kotlin.jvm.internal.<unsafe-coerce> declared in kotlin.jvm.internal' type=androidx.compose.ui.unit.TextUnit origin=null
                                        TYPE_ARG T: kotlin.Long
                                        TYPE_ARG R: androidx.compose.ui.unit.TextUnit
                                        ARG v: CONST Long type=kotlin.Long value=0
                                    ARG textDecoration: COMPOSITE type=androidx.compose.ui.text.style.TextDecoration? origin=DEFAULT_VALUE
                                      CONST Null type=androidx.compose.ui.text.style.TextDecoration? value=null
                                    ARG textAlign: COMPOSITE type=androidx.compose.ui.text.style.TextAlign? origin=DEFAULT_VALUE
                                      CONST Null type=androidx.compose.ui.text.style.TextAlign? value=null
                                    ARG lineHeight: COMPOSITE type=androidx.compose.ui.unit.TextUnit origin=DEFAULT_VALUE
                                      CALL 'public final fun <unsafe-coerce> <T, R> (v: T of kotlin.jvm.internal.<unsafe-coerce>): R of kotlin.jvm.internal.<unsafe-coerce> declared in kotlin.jvm.internal' type=androidx.compose.ui.unit.TextUnit origin=null
                                        TYPE_ARG T: kotlin.Long
                                        TYPE_ARG R: androidx.compose.ui.unit.TextUnit
                                        ARG v: CONST Long type=kotlin.Long value=0
                                    ARG overflow: COMPOSITE type=androidx.compose.ui.text.style.TextOverflow origin=DEFAULT_VALUE
                                      CALL 'public final fun <unsafe-coerce> <T, R> (v: T of kotlin.jvm.internal.<unsafe-coerce>): R of kotlin.jvm.internal.<unsafe-coerce> declared in kotlin.jvm.internal' type=androidx.compose.ui.text.style.TextOverflow origin=null
                                        TYPE_ARG T: kotlin.Int
                                        TYPE_ARG R: androidx.compose.ui.text.style.TextOverflow
                                        ARG v: CONST Int type=kotlin.Int value=0
                                    ARG softWrap: COMPOSITE type=kotlin.Boolean origin=DEFAULT_VALUE
                                      CONST Boolean type=kotlin.Boolean value=false
                                    ARG maxLines: COMPOSITE type=kotlin.Int origin=DEFAULT_VALUE
                                      CONST Int type=kotlin.Int value=0
                                    ARG minLines: COMPOSITE type=kotlin.Int origin=DEFAULT_VALUE
                                      CONST Int type=kotlin.Int value=0
                                    ARG onTextLayout: COMPOSITE type=kotlin.Function1<androidx.compose.ui.text.TextLayoutResult, kotlin.Unit>? origin=DEFAULT_VALUE
                                      CONST Null type=kotlin.Function1<androidx.compose.ui.text.TextLayoutResult, kotlin.Unit>? value=null
                                    ARG style: GET_VAR 'val tmp1_style: androidx.compose.ui.text.TextStyle [val] declared in com.template.app.presentation.home.HomeScreenKt.HomeScreen$lambda$2$0$0.HomeScreen$lambda$2$0$0$0.<no name provided>.invoke.invoke$lambda$0' type=androidx.compose.ui.text.TextStyle origin=null
                                    ARG $mask0: CONST Int type=kotlin.Int value=65530
                                    ARG $handler: CONST Null type=kotlin.Any? value=null
                                CALL 'public final fun Spacer (modifier: androidx.compose.ui.Modifier): kotlin.Unit declared in androidx.compose.foundation.layout.SpacerKt' type=kotlin.Unit origin=null
                                  ARG modifier: CALL 'public final fun padding-qDBjuR0$default ($this$padding: androidx.compose.ui.Modifier, start: androidx.compose.ui.unit.Dp, top: androidx.compose.ui.unit.Dp, end: androidx.compose.ui.unit.Dp, bottom: androidx.compose.ui.unit.Dp, $mask0: kotlin.Int, $handler: kotlin.Any?): androidx.compose.ui.Modifier declared in androidx.compose.foundation.layout.PaddingKt' type=androidx.compose.ui.Modifier origin=DEFAULT_DISPATCH_CALL
                                    ARG $this$padding: GET_FIELD 'FIELD FIELD_FOR_OBJECT_INSTANCE name:Companion type:androidx.compose.ui.Modifier.Companion visibility:public [final,static] declared in androidx.compose.ui.Modifier' type=androidx.compose.ui.Modifier.Companion origin=null
                                    ARG start: COMPOSITE type=androidx.compose.ui.unit.Dp origin=DEFAULT_VALUE
                                      CALL 'public final fun <unsafe-coerce> <T, R> (v: T of kotlin.jvm.internal.<unsafe-coerce>): R of kotlin.jvm.internal.<unsafe-coerce> declared in kotlin.jvm.internal' type=androidx.compose.ui.unit.Dp origin=null
                                        TYPE_ARG T: kotlin.Float
                                        TYPE_ARG R: androidx.compose.ui.unit.Dp
                                        ARG v: CONST Float type=kotlin.Float value=0.0
                                    ARG top: CALL 'public final fun <get-dp> (<this>: kotlin.Int): androidx.compose.ui.unit.Dp [inline] declared in androidx.compose.ui.unit.DpKt' type=androidx.compose.ui.unit.Dp origin=GET_PROPERTY
                                      ARG <this>: CONST Int type=kotlin.Int value=8
                                    ARG end: COMPOSITE type=androidx.compose.ui.unit.Dp origin=DEFAULT_VALUE
                                      CALL 'public final fun <unsafe-coerce> <T, R> (v: T of kotlin.jvm.internal.<unsafe-coerce>): R of kotlin.jvm.internal.<unsafe-coerce> declared in kotlin.jvm.internal' type=androidx.compose.ui.unit.Dp origin=null
                                        TYPE_ARG T: kotlin.Float
                                        TYPE_ARG R: androidx.compose.ui.unit.Dp
                                        ARG v: CONST Float type=kotlin.Float value=0.0
                                    ARG bottom: COMPOSITE type=androidx.compose.ui.unit.Dp origin=DEFAULT_VALUE
                                      CALL 'public final fun <unsafe-coerce> <T, R> (v: T of kotlin.jvm.internal.<unsafe-coerce>): R of kotlin.jvm.internal.<unsafe-coerce> declared in kotlin.jvm.internal' type=androidx.compose.ui.unit.Dp origin=null
                                        TYPE_ARG T: kotlin.Float
                                        TYPE_ARG R: androidx.compose.ui.unit.Dp
                                        ARG v: CONST Float type=kotlin.Float value=0.0
                                    ARG $mask0: CONST Int type=kotlin.Int value=13
                                    ARG $handler: CONST Null type=kotlin.Any? value=null
                                BLOCK type=kotlin.Unit origin=ARGUMENTS_REORDERING_FOR_CALL
                                  VAR IR_TEMPORARY_VARIABLE name:tmp3_text type:kotlin.String [val]
                                    CALL 'public final fun <get-description> (): kotlin.String declared in com.template.app.domain.model.ExampleItem' type=kotlin.String origin=GET_PROPERTY
                                      ARG <this>: GET_VAR '$item: com.template.app.domain.model.ExampleItem declared in com.template.app.presentation.home.HomeScreenKt.HomeScreen$lambda$2$0$0.HomeScreen$lambda$2$0$0$0.<no name provided>.invoke.invoke$lambda$0' type=com.template.app.domain.model.ExampleItem origin=null
                                  VAR IR_TEMPORARY_VARIABLE name:tmp4_style type:androidx.compose.ui.text.TextStyle [val]
                                    CALL 'public final fun <get-bodyMedium> (): androidx.compose.ui.text.TextStyle declared in androidx.compose.material3.Typography' type=androidx.compose.ui.text.TextStyle origin=GET_PROPERTY
                                      ARG <this>: CALL 'public final fun <get-typography> (): androidx.compose.material3.Typography declared in androidx.compose.material3.MaterialTheme' type=androidx.compose.material3.Typography origin=GET_PROPERTY
                                        ARG <this>: GET_FIELD 'FIELD FIELD_FOR_OBJECT_INSTANCE name:INSTANCE type:androidx.compose.material3.MaterialTheme visibility:public [final,static] declared in androidx.compose.material3.MaterialTheme' type=androidx.compose.material3.MaterialTheme origin=null
                                  VAR IR_TEMPORARY_VARIABLE name:tmp5_color type:androidx.compose.ui.graphics.Color [val]
                                    CALL 'public final fun getOnSurfaceVariant-0d7_KjU (): androidx.compose.ui.graphics.Color declared in androidx.compose.material3.ColorScheme' type=androidx.compose.ui.graphics.Color origin=GET_PROPERTY
                                      ARG <this>: CALL 'public final fun <get-colorScheme> (): androidx.compose.material3.ColorScheme declared in androidx.compose.material3.MaterialTheme' type=androidx.compose.material3.ColorScheme origin=GET_PROPERTY
                                        ARG <this>: GET_FIELD 'FIELD FIELD_FOR_OBJECT_INSTANCE name:INSTANCE type:androidx.compose.material3.MaterialTheme visibility:public [final,static] declared in androidx.compose.material3.MaterialTheme' type=androidx.compose.material3.MaterialTheme origin=null
                                  CALL 'public final fun Text-80ic1_w$default (text: kotlin.String, modifier: androidx.compose.ui.Modifier?, color: androidx.compose.ui.graphics.Color, fontSize: androidx.compose.ui.unit.TextUnit, fontStyle: androidx.compose.ui.text.font.FontStyle?, fontWeight: androidx.compose.ui.text.font.FontWeight?, fontFamily: androidx.compose.ui.text.font.FontFamily?, letterSpacing: androidx.compose.ui.unit.TextUnit, textDecoration: androidx.compose.ui.text.style.TextDecoration?, textAlign: androidx.compose.ui.text.style.TextAlign?, lineHeight: androidx.compose.ui.unit.TextUnit, overflow: androidx.compose.ui.text.style.TextOverflow, softWrap: kotlin.Boolean, maxLines: kotlin.Int, minLines: kotlin.Int, onTextLayout: kotlin.Function1<androidx.compose.ui.text.TextLayoutResult, kotlin.Unit>?, style: androidx.compose.ui.text.TextStyle?, $mask0: kotlin.Int, $handler: kotlin.Any?): kotlin.Unit declared in androidx.compose.material3.TextKt' type=kotlin.Unit origin=DEFAULT_DISPATCH_CALL
                                    ARG text: GET_VAR 'val tmp3_text: kotlin.String [val] declared in com.template.app.presentation.home.HomeScreenKt.HomeScreen$lambda$2$0$0.HomeScreen$lambda$2$0$0$0.<no name provided>.invoke.invoke$lambda$0' type=kotlin.String origin=null
                                    ARG modifier: COMPOSITE type=androidx.compose.ui.Modifier? origin=DEFAULT_VALUE
                                      CONST Null type=androidx.compose.ui.Modifier? value=null
                                    ARG color: GET_VAR 'val tmp5_color: androidx.compose.ui.graphics.Color [val] declared in com.template.app.presentation.home.HomeScreenKt.HomeScreen$lambda$2$0$0.HomeScreen$lambda$2$0$0$0.<no name provided>.invoke.invoke$lambda$0' type=androidx.compose.ui.graphics.Color origin=null
                                    ARG fontSize: COMPOSITE type=androidx.compose.ui.unit.TextUnit origin=DEFAULT_VALUE
                                      CALL 'public final fun <unsafe-coerce> <T, R> (v: T of kotlin.jvm.internal.<unsafe-coerce>): R of kotlin.jvm.internal.<unsafe-coerce> declared in kotlin.jvm.internal' type=androidx.compose.ui.unit.TextUnit origin=null
                                        TYPE_ARG T: kotlin.Long
                                        TYPE_ARG R: androidx.compose.ui.unit.TextUnit
                                        ARG v: CONST Long type=kotlin.Long value=0
                                    ARG fontStyle: COMPOSITE type=androidx.compose.ui.text.font.FontStyle? origin=DEFAULT_VALUE
                                      CONST Null type=androidx.compose.ui.text.font.FontStyle? value=null
                                    ARG fontWeight: COMPOSITE type=androidx.compose.ui.text.font.FontWeight? origin=DEFAULT_VALUE
                                      CONST Null type=androidx.compose.ui.text.font.FontWeight? value=null
                                    ARG fontFamily: COMPOSITE type=androidx.compose.ui.text.font.FontFamily? origin=DEFAULT_VALUE
                                      CONST Null type=androidx.compose.ui.text.font.FontFamily? value=null
                                    ARG letterSpacing: COMPOSITE type=androidx.compose.ui.unit.TextUnit origin=DEFAULT_VALUE
                                      CALL 'public final fun <unsafe-coerce> <T, R> (v: T of kotlin.jvm.internal.<unsafe-coerce>): R of kotlin.jvm.internal.<unsafe-coerce> declared in kotlin.jvm.internal' type=androidx.compose.ui.unit.TextUnit origin=null
                                        TYPE_ARG T: kotlin.Long
                                        TYPE_ARG R: androidx.compose.ui.unit.TextUnit
                                        ARG v: CONST Long type=kotlin.Long value=0
                                    ARG textDecoration: COMPOSITE type=androidx.compose.ui.text.style.TextDecoration? origin=DEFAULT_VALUE
                                      CONST Null type=androidx.compose.ui.text.style.TextDecoration? value=null
                                    ARG textAlign: COMPOSITE type=androidx.compose.ui.text.style.TextAlign? origin=DEFAULT_VALUE
                                      CONST Null type=androidx.compose.ui.text.style.TextAlign? value=null
                                    ARG lineHeight: COMPOSITE type=androidx.compose.ui.unit.TextUnit origin=DEFAULT_VALUE
                                      CALL 'public final fun <unsafe-coerce> <T, R> (v: T of kotlin.jvm.internal.<unsafe-coerce>): R of kotlin.jvm.internal.<unsafe-coerce> declared in kotlin.jvm.internal' type=androidx.compose.ui.unit.TextUnit origin=null
                                        TYPE_ARG T: kotlin.Long
                                        TYPE_ARG R: androidx.compose.ui.unit.TextUnit
                                        ARG v: CONST Long type=kotlin.Long value=0
                                    ARG overflow: COMPOSITE type=androidx.compose.ui.text.style.TextOverflow origin=DEFAULT_VALUE
                                      CALL 'public final fun <unsafe-coerce> <T, R> (v: T of kotlin.jvm.internal.<unsafe-coerce>): R of kotlin.jvm.internal.<unsafe-coerce> declared in kotlin.jvm.internal' type=androidx.compose.ui.text.style.TextOverflow origin=null
                                        TYPE_ARG T: kotlin.Int
                                        TYPE_ARG R: androidx.compose.ui.text.style.TextOverflow
                                        ARG v: CONST Int type=kotlin.Int value=0
                                    ARG softWrap: COMPOSITE type=kotlin.Boolean origin=DEFAULT_VALUE
                                      CONST Boolean type=kotlin.Boolean value=false
                                    ARG maxLines: COMPOSITE type=kotlin.Int origin=DEFAULT_VALUE
                                      CONST Int type=kotlin.Int value=0
                                    ARG minLines: COMPOSITE type=kotlin.Int origin=DEFAULT_VALUE
                                      CONST Int type=kotlin.Int value=0
                                    ARG onTextLayout: COMPOSITE type=kotlin.Function1<androidx.compose.ui.text.TextLayoutResult, kotlin.Unit>? origin=DEFAULT_VALUE
                                      CONST Null type=kotlin.Function1<androidx.compose.ui.text.TextLayoutResult, kotlin.Unit>? value=null
                                    ARG style: GET_VAR 'val tmp4_style: androidx.compose.ui.text.TextStyle [val] declared in com.template.app.presentation.home.HomeScreenKt.HomeScreen$lambda$2$0$0.HomeScreen$lambda$2$0$0$0.<no name provided>.invoke.invoke$lambda$0' type=androidx.compose.ui.text.TextStyle origin=null
                                    ARG $mask0: CONST Int type=kotlin.Int value=65530
                                    ARG $handler: CONST Null type=kotlin.Any? value=null
                          ARG $mask0: CONST Int type=kotlin.Int value=6
                          ARG $handler: CONST Null type=kotlin.Any? value=null
                    FIELD FIELD_FOR_CAPTURED_VALUE name:$item type:com.template.app.domain.model.ExampleItem visibility:public/*package*/ [final]
                    FUN BRIDGE name:invoke visibility:public modality:OPEN returnType:kotlin.Any?
                      VALUE_PARAMETER INSTANCE_RECEIVER kind:DispatchReceiver name:<this> index:0 type:com.template.app.presentation.home.HomeScreenKt.HomeScreen$lambda$2$0$0.HomeScreen$lambda$2$0$0$0.<no name provided>
                      VALUE_PARAMETER kind:Regular name:p1 index:1 type:kotlin.Any?
                      EXPRESSION_BODY
                        RETURN type=kotlin.Nothing from='public open fun invoke (p1: kotlin.Any?): kotlin.Any? declared in com.template.app.presentation.home.HomeScreenKt.HomeScreen$lambda$2$0$0.HomeScreen$lambda$2$0$0$0.<no name provided>'
                          CALL 'public final fun invoke ($this$Card: androidx.compose.foundation.layout.ColumnScope): kotlin.Unit declared in com.template.app.presentation.home.HomeScreenKt.HomeScreen$lambda$2$0$0.HomeScreen$lambda$2$0$0$0.<no name provided>' type=kotlin.Unit origin=BRIDGE_DELEGATION
                            ARG <this>: GET_VAR '<this>: com.template.app.presentation.home.HomeScreenKt.HomeScreen$lambda$2$0$0.HomeScreen$lambda$2$0$0$0.<no name provided> declared in com.template.app.presentation.home.HomeScreenKt.HomeScreen$lambda$2$0$0.HomeScreen$lambda$2$0$0$0.<no name provided>.invoke' type=com.template.app.presentation.home.HomeScreenKt.HomeScreen$lambda$2$0$0.HomeScreen$lambda$2$0$0$0.<no name provided> origin=null
                            ARG $this$Card: TYPE_OP type=androidx.compose.foundation.layout.ColumnScope origin=IMPLICIT_CAST typeOperand=androidx.compose.foundation.layout.ColumnScope
                              GET_VAR 'p1: kotlin.Any? declared in com.template.app.presentation.home.HomeScreenKt.HomeScreen$lambda$2$0$0.HomeScreen$lambda$2$0$0$0.<no name provided>.invoke' type=kotlin.Any? origin=null
                  CONSTRUCTOR_CALL 'public/*package*/ constructor <init> ($item: com.template.app.domain.model.ExampleItem) [primary] declared in com.template.app.presentation.home.HomeScreenKt.HomeScreen$lambda$2$0$0.HomeScreen$lambda$2$0$0$0.<no name provided>' type=com.template.app.presentation.home.HomeScreenKt.HomeScreen$lambda$2$0$0.HomeScreen$lambda$2$0$0$0.<no name provided> origin=null
                    ARG $item: GET_VAR 'item: com.template.app.domain.model.ExampleItem declared in com.template.app.presentation.home.HomeScreenKt.HomeScreen$lambda$2$0$0.HomeScreen$lambda$2$0$0$0' type=com.template.app.domain.model.ExampleItem origin=null
                ARG $mask0: CONST Int type=kotlin.Int value=220
                ARG $handler: CONST Null type=kotlin.Any? value=null
      ARG $mask0: CONST Int type=kotlin.Int value=6
      ARG $handler: CONST Null type=kotlin.Any? value=null

	at org.jetbrains.kotlin.backend.jvm.codegen.FunctionCodegen.generate(FunctionCodegen.kt:57)
	at org.jetbrains.kotlin.backend.jvm.codegen.FunctionCodegen.generate$default(FunctionCodegen.kt:50)
	at org.jetbrains.kotlin.backend.jvm.codegen.ClassCodegen.generateMethodNode(ClassCodegen.kt:428)
	at org.jetbrains.kotlin.backend.jvm.codegen.ClassCodegen.generateMethod(ClassCodegen.kt:445)
	at org.jetbrains.kotlin.backend.jvm.codegen.ClassCodegen.generate(ClassCodegen.kt:168)
	at org.jetbrains.kotlin.backend.jvm.JvmIrCodegenFactory.generateFile(JvmIrCodegenFactory.kt:467)
	at org.jetbrains.kotlin.backend.jvm.JvmIrCodegenFactory.invokeCodegen(JvmIrCodegenFactory.kt:433)
	at org.jetbrains.kotlin.cli.jvm.compiler.KotlinToJVMBytecodeCompiler.runCodegen$cli(KotlinToJVMBytecodeCompiler.kt:409)
	at org.jetbrains.kotlin.cli.pipeline.jvm.JvmBackendPipelinePhase.executePhase(JvmBackendPipelinePhase.kt:89)
	at org.jetbrains.kotlin.cli.pipeline.jvm.JvmBackendPipelinePhase.executePhase(JvmBackendPipelinePhase.kt:27)
	at org.jetbrains.kotlin.cli.pipeline.PipelinePhase.phaseBody(PipelinePhase.kt:68)
	at org.jetbrains.kotlin.cli.pipeline.PipelinePhase.phaseBody(PipelinePhase.kt:58)
	at org.jetbrains.kotlin.config.phaser.NamedCompilerPhase.invoke(CompilerPhase.kt:102)
	at org.jetbrains.kotlin.backend.common.phaser.CompositePhase.invoke(PhaseBuilders.kt:22)
	at org.jetbrains.kotlin.config.phaser.CompilerPhaseKt.invokeToplevel(CompilerPhase.kt:53)
	at org.jetbrains.kotlin.cli.pipeline.AbstractCliPipeline.runPhasedPipeline(AbstractCliPipeline.kt:109)
	at org.jetbrains.kotlin.cli.pipeline.AbstractCliPipeline.execute(AbstractCliPipeline.kt:68)
	at org.jetbrains.kotlin.cli.jvm.K2JVMCompiler.doExecutePhased(K2JVMCompiler.kt:51)
	at org.jetbrains.kotlin.cli.jvm.K2JVMCompiler.doExecutePhased(K2JVMCompiler.kt:42)
	at org.jetbrains.kotlin.cli.common.CLICompiler.execImpl(CLICompiler.kt:91)
	at org.jetbrains.kotlin.cli.common.CLICompiler.exec(CLICompiler.kt:363)
	at org.jetbrains.kotlin.incremental.IncrementalJvmCompilerRunnerBase.runCompiler(IncrementalJvmCompilerRunnerBase.kt:210)
	at org.jetbrains.kotlin.incremental.IncrementalJvmCompilerRunnerBase.runCompiler(IncrementalJvmCompilerRunnerBase.kt:52)
	at org.jetbrains.kotlin.incremental.IncrementalCompilerRunner.doCompile(IncrementalCompilerRunner.kt:510)
	at org.jetbrains.kotlin.incremental.IncrementalCompilerRunner.compileImpl(IncrementalCompilerRunner.kt:422)
	at org.jetbrains.kotlin.incremental.IncrementalCompilerRunner.compileNonIncrementally(IncrementalCompilerRunner.kt:304)
	at org.jetbrains.kotlin.incremental.IncrementalCompilerRunner.compile(IncrementalCompilerRunner.kt:131)
	at org.jetbrains.kotlin.buildtools.internal.jvm.operations.JvmCompilationOperationImpl.compileInProcess(JvmCompilationOperationImpl.kt:423)
	at org.jetbrains.kotlin.buildtools.internal.jvm.operations.JvmCompilationOperationImpl.compileInProcess(JvmCompilationOperationImpl.kt:337)
	at org.jetbrains.kotlin.buildtools.internal.jvm.operations.JvmCompilationOperationImpl.executeCancellableImpl(JvmCompilationOperationImpl.kt:149)
	at org.jetbrains.kotlin.buildtools.internal.jvm.operations.JvmCompilationOperationImpl.executeCancellableImpl(JvmCompilationOperationImpl.kt:69)
	at org.jetbrains.kotlin.buildtools.internal.CancellableBuildOperationImpl.executeImpl(CancellableBuildOperationImpl.kt:58)
	at org.jetbrains.kotlin.buildtools.internal.BuildOperationImpl.execute(BuildOperationImpl.kt:34)
	at org.jetbrains.kotlin.buildtools.internal.KotlinToolchainsImpl$BuildSessionImpl.executeOperation$lambda$1(KotlinToolchainsImpl.kt:70)
	at java.base/java.util.concurrent.FutureTask.run(Unknown Source)
	at java.base/java.util.concurrent.ThreadPoolExecutor.runWorker(Unknown Source)
	at java.base/java.util.concurrent.ThreadPoolExecutor$Worker.run(Unknown Source)
	at java.base/java.lang.Thread.run(Unknown Source)
Caused by: java.lang.RuntimeException: Exception while generating code for:
FUN INLINE_LAMBDA name:HomeScreen$lambda$2$0$0$0 visibility:private modality:FINAL returnType:kotlin.Unit
  VALUE_PARAMETER BOUND_VALUE_PARAMETER kind:Regular name:$onItemClick index:0 type:kotlin.Function1<com.template.app.domain.model.ExampleItem, kotlin.Unit>
  VALUE_PARAMETER BOUND_RECEIVER_PARAMETER kind:Regular name:$this$items index:1 type:androidx.compose.foundation.lazy.LazyItemScope
  VALUE_PARAMETER kind:Regular name:item index:2 type:com.template.app.domain.model.ExampleItem
  BLOCK_BODY
    VAR name:$i$a$-items$default-HomeScreenKt$HomeScreen$2$1$1$1 type:kotlin.Int [val]
      CONST Int type=kotlin.Int value=0
    BLOCK type=kotlin.Unit origin=ARGUMENTS_REORDERING_FOR_CALL
      VAR IR_TEMPORARY_VARIABLE name:tmp0_modifier type:androidx.compose.ui.Modifier [val]
        CALL 'public final fun fillMaxWidth$default (<this>: androidx.compose.ui.Modifier, fraction: kotlin.Float, $mask0: kotlin.Int, $handler: kotlin.Any?): androidx.compose.ui.Modifier declared in androidx.compose.foundation.layout.SizeKt' type=androidx.compose.ui.Modifier origin=DEFAULT_DISPATCH_CALL
          ARG <this>: GET_FIELD 'FIELD FIELD_FOR_OBJECT_INSTANCE name:Companion type:androidx.compose.ui.Modifier.Companion visibility:public [final,static] declared in androidx.compose.ui.Modifier' type=androidx.compose.ui.Modifier.Companion origin=null
          ARG fraction: COMPOSITE type=kotlin.Float origin=DEFAULT_VALUE
            CONST Float type=kotlin.Float value=0.0
          ARG $mask0: CONST Int type=kotlin.Int value=1
          ARG $handler: CONST Null type=kotlin.Any? value=null
      VAR IR_TEMPORARY_VARIABLE name:tmp1_elevation type:androidx.compose.material3.CardElevation [val]
        CALL 'public final fun cardElevation-i0G_0kk$default ($this: androidx.compose.material3.CardDefaults, defaultElevation: androidx.compose.ui.unit.Dp, pressedElevation: androidx.compose.ui.unit.Dp, focusedElevation: androidx.compose.ui.unit.Dp, hoveredElevation: androidx.compose.ui.unit.Dp, draggedElevation: androidx.compose.ui.unit.Dp, disabledElevation: androidx.compose.ui.unit.Dp, $mask0: kotlin.Int, $handler: kotlin.Any?): androidx.compose.material3.CardElevation declared in androidx.compose.material3.CardDefaults' type=androidx.compose.material3.CardElevation origin=DEFAULT_DISPATCH_CALL
          ARG $this: GET_FIELD 'FIELD FIELD_FOR_OBJECT_INSTANCE name:INSTANCE type:androidx.compose.material3.CardDefaults visibility:public [final,static] declared in androidx.compose.material3.CardDefaults' type=androidx.compose.material3.CardDefaults origin=null
          ARG defaultElevation: CALL 'public final fun <get-dp> (<this>: kotlin.Int): androidx.compose.ui.unit.Dp [inline] declared in androidx.compose.ui.unit.DpKt' type=androidx.compose.ui.unit.Dp origin=GET_PROPERTY
            ARG <this>: CONST Int type=kotlin.Int value=4
          ARG pressedElevation: COMPOSITE type=androidx.compose.ui.unit.Dp origin=DEFAULT_VALUE
            CALL 'public final fun <unsafe-coerce> <T, R> (v: T of kotlin.jvm.internal.<unsafe-coerce>): R of kotlin.jvm.internal.<unsafe-coerce> declared in kotlin.jvm.internal' type=androidx.compose.ui.unit.Dp origin=null
              TYPE_ARG T: kotlin.Float
              TYPE_ARG R: androidx.compose.ui.unit.Dp
              ARG v: CONST Float type=kotlin.Float value=0.0
          ARG focusedElevation: COMPOSITE type=androidx.compose.ui.unit.Dp origin=DEFAULT_VALUE
            CALL 'public final fun <unsafe-coerce> <T, R> (v: T of kotlin.jvm.internal.<unsafe-coerce>): R of kotlin.jvm.internal.<unsafe-coerce> declared in kotlin.jvm.internal' type=androidx.compose.ui.unit.Dp origin=null
              TYPE_ARG T: kotlin.Float
              TYPE_ARG R: androidx.compose.ui.unit.Dp
              ARG v: CONST Float type=kotlin.Float value=0.0
          ARG hoveredElevation: COMPOSITE type=androidx.compose.ui.unit.Dp origin=DEFAULT_VALUE
            CALL 'public final fun <unsafe-coerce> <T, R> (v: T of kotlin.jvm.internal.<unsafe-coerce>): R of kotlin.jvm.internal.<unsafe-coerce> declared in kotlin.jvm.internal' type=androidx.compose.ui.unit.Dp origin=null
              TYPE_ARG T: kotlin.Float
              TYPE_ARG R: androidx.compose.ui.unit.Dp
              ARG v: CONST Float type=kotlin.Float value=0.0
          ARG draggedElevation: COMPOSITE type=androidx.compose.ui.unit.Dp origin=DEFAULT_VALUE
            CALL 'public final fun <unsafe-coerce> <T, R> (v: T of kotlin.jvm.internal.<unsafe-coerce>): R of kotlin.jvm.internal.<unsafe-coerce> declared in kotlin.jvm.internal' type=androidx.compose.ui.unit.Dp origin=null
              TYPE_ARG T: kotlin.Float
              TYPE_ARG R: androidx.compose.ui.unit.Dp
              ARG v: CONST Float type=kotlin.Float value=0.0
          ARG disabledElevation: COMPOSITE type=androidx.compose.ui.unit.Dp origin=DEFAULT_VALUE
            CALL 'public final fun <unsafe-coerce> <T, R> (v: T of kotlin.jvm.internal.<unsafe-coerce>): R of kotlin.jvm.internal.<unsafe-coerce> declared in kotlin.jvm.internal' type=androidx.compose.ui.unit.Dp origin=null
              TYPE_ARG T: kotlin.Float
              TYPE_ARG R: androidx.compose.ui.unit.Dp
              ARG v: CONST Float type=kotlin.Float value=0.0
          ARG $mask0: CONST Int type=kotlin.Int value=62
          ARG $handler: CONST Null type=kotlin.Any? value=null
      CALL 'public final fun Card$default (onClick: kotlin.Function0<kotlin.Unit>, modifier: androidx.compose.ui.Modifier?, enabled: kotlin.Boolean, shape: androidx.compose.ui.graphics.Shape?, colors: androidx.compose.material3.CardColors?, elevation: androidx.compose.material3.CardElevation?, border: androidx.compose.foundation.BorderStroke?, interactionSource: androidx.compose.foundation.interaction.MutableInteractionSource?, content: @[Composable] @[ExtensionFunctionType] kotlin.Function1<androidx.compose.foundation.layout.ColumnScope, kotlin.Unit>, $mask0: kotlin.Int, $handler: kotlin.Any?): kotlin.Unit declared in androidx.compose.material3.CardKt' type=kotlin.Unit origin=DEFAULT_DISPATCH_CALL
        ARG onClick: BLOCK type=com.template.app.presentation.home.HomeScreenKt.HomeScreen$lambda$2$0$0.HomeScreen$lambda$2$0$0$0.<no name provided> origin=null
          CLASS LAMBDA_IMPL CLASS name:<no name provided> modality:FINAL visibility:public/*package*/ superTypes:[kotlin.Any; kotlin.Function0<kotlin.Unit>]
            thisReceiver: VALUE_PARAMETER INSTANCE_RECEIVER kind:DispatchReceiver name:<this> type:com.template.app.presentation.home.HomeScreenKt.HomeScreen$lambda$2$0$0.HomeScreen$lambda$2$0$0$0.<no name provided>
            CONSTRUCTOR GENERATED_MEMBER_IN_CALLABLE_REFERENCE visibility:public/*package*/ returnType:com.template.app.presentation.home.HomeScreenKt.HomeScreen$lambda$2$0$0.HomeScreen$lambda$2$0$0$0.<no name provided> [primary]
              VALUE_PARAMETER BOUND_VALUE_PARAMETER kind:Regular name:$onItemClick index:0 type:kotlin.Function1<com.template.app.domain.model.ExampleItem, kotlin.Unit>
              VALUE_PARAMETER BOUND_VALUE_PARAMETER kind:Regular name:$item index:1 type:com.template.app.domain.model.ExampleItem
              BLOCK_BODY
                SET_FIELD 'FIELD FIELD_FOR_CAPTURED_VALUE name:$onItemClick type:kotlin.Function1<com.template.app.domain.model.ExampleItem, kotlin.Unit> visibility:public/*package*/ [final] declared in com.template.app.presentation.home.HomeScreenKt.HomeScreen$lambda$2$0$0.HomeScreen$lambda$2$0$0$0.<no name provided>' type=kotlin.Unit origin=INITIALIZER_OF_FIELD_FOR_CAPTURED_VALUE
                  receiver: GET_VAR '<this>: com.template.app.presentation.home.HomeScreenKt.HomeScreen$lambda$2$0$0.HomeScreen$lambda$2$0$0$0.<no name provided> declared in com.template.app.presentation.home.HomeScreenKt.HomeScreen$lambda$2$0$0.HomeScreen$lambda$2$0$0$0.<no name provided>' type=com.template.app.presentation.home.HomeScreenKt.HomeScreen$lambda$2$0$0.HomeScreen$lambda$2$0$0$0.<no name provided> origin=null
                  value: GET_VAR '$onItemClick: kotlin.Function1<com.template.app.domain.model.ExampleItem, kotlin.Unit> declared in com.template.app.presentation.home.HomeScreenKt.HomeScreen$lambda$2$0$0.HomeScreen$lambda$2$0$0$0.<no name provided>.<init>' type=kotlin.Function1<com.template.app.domain.model.ExampleItem, kotlin.Unit> origin=null
                SET_FIELD 'FIELD FIELD_FOR_CAPTURED_VALUE name:$item type:com.template.app.domain.model.ExampleItem visibility:public/*package*/ [final] declared in com.template.app.presentation.home.HomeScreenKt.HomeScreen$lambda$2$0$0.HomeScreen$lambda$2$0$0$0.<no name provided>' type=kotlin.Unit origin=INITIALIZER_OF_FIELD_FOR_CAPTURED_VALUE
                  receiver: GET_VAR '<this>: com.template.app.presentation.home.HomeScreenKt.HomeScreen$lambda$2$0$0.HomeScreen$lambda$2$0$0$0.<no name provided> declared in com.template.app.presentation.home.HomeScreenKt.HomeScreen$lambda$2$0$0.HomeScreen$lambda$2$0$0$0.<no name provided>' type=com.template.app.presentation.home.HomeScreenKt.HomeScreen$lambda$2$0$0.HomeScreen$lambda$2$0$0$0.<no name provided> origin=null
                  value: GET_VAR '$item: com.template.app.domain.model.ExampleItem declared in com.template.app.presentation.home.HomeScreenKt.HomeScreen$lambda$2$0$0.HomeScreen$lambda$2$0$0$0.<no name provided>.<init>' type=com.template.app.domain.model.ExampleItem origin=null
                DELEGATING_CONSTRUCTOR_CALL 'public constructor <init> () [primary] declared in kotlin.Any'
                BLOCK type=kotlin.Unit origin=null
            FUN name:invoke visibility:public modality:FINAL returnType:kotlin.Unit
              VALUE_PARAMETER INSTANCE_RECEIVER kind:DispatchReceiver name:<this> index:0 type:com.template.app.presentation.home.HomeScreenKt.HomeScreen$lambda$2$0$0.HomeScreen$lambda$2$0$0$0.<no name provided>
              overridden:
                public abstract fun invoke (): R of kotlin.Function0 [operator] declared in kotlin.Function0
              BLOCK_BODY
                CALL 'public abstract fun invoke (p1: P1 of kotlin.Function1): R of kotlin.Function1 [operator] declared in kotlin.Function1' type=kotlin.Unit origin=INVOKE
                  ARG <this>: GET_FIELD 'FIELD FIELD_FOR_CAPTURED_VALUE name:$onItemClick type:kotlin.Function1<com.template.app.domain.model.ExampleItem, kotlin.Unit> visibility:public/*package*/ [final] declared in com.template.app.presentation.home.HomeScreenKt.HomeScreen$lambda$2$0$0.HomeScreen$lambda$2$0$0$0.<no name provided>' type=kotlin.Function1<com.template.app.domain.model.ExampleItem, kotlin.Unit> origin=null
                    receiver: GET_VAR '<this>: com.template.app.presentation.home.HomeScreenKt.HomeScreen$lambda$2$0$0.HomeScreen$lambda$2$0$0$0.<no name provided> declared in com.template.app.presentation.home.HomeScreenKt.HomeScreen$lambda$2$0$0.HomeScreen$lambda$2$0$0$0.<no name provided>.invoke' type=com.template.app.presentation.home.HomeScreenKt.HomeScreen$lambda$2$0$0.HomeScreen$lambda$2$0$0$0.<no name provided> origin=null
                  ARG p1: GET_FIELD 'FIELD FIELD_FOR_CAPTURED_VALUE name:$item type:com.template.app.domain.model.ExampleItem visibility:public/*package*/ [final] declared in com.template.app.presentation.home.HomeScreenKt.HomeScreen$lambda$2$0$0.HomeScreen$lambda$2$0$0$0.<no name provided>' type=com.template.app.domain.model.ExampleItem origin=null
                    receiver: GET_VAR '<this>: com.template.app.presentation.home.HomeScreenKt.HomeScreen$lambda$2$0$0.HomeScreen$lambda$2$0$0$0.<no name provided> declared in com.template.app.presentation.home.HomeScreenKt.HomeScreen$lambda$2$0$0.HomeScreen$lambda$2$0$0$0.<no name provided>.invoke' type=com.template.app.presentation.home.HomeScreenKt.HomeScreen$lambda$2$0$0.HomeScreen$lambda$2$0$0$0.<no name provided> origin=null
            FIELD FIELD_FOR_CAPTURED_VALUE name:$onItemClick type:kotlin.Function1<com.template.app.domain.model.ExampleItem, kotlin.Unit> visibility:public/*package*/ [final]
            FIELD FIELD_FOR_CAPTURED_VALUE name:$item type:com.template.app.domain.model.ExampleItem visibility:public/*package*/ [final]
            FUN BRIDGE name:invoke visibility:public modality:OPEN returnType:kotlin.Any?
              VALUE_PARAMETER INSTANCE_RECEIVER kind:DispatchReceiver name:<this> index:0 type:com.template.app.presentation.home.HomeScreenKt.HomeScreen$lambda$2$0$0.HomeScreen$lambda$2$0$0$0.<no name provided>
              EXPRESSION_BODY
                RETURN type=kotlin.Nothing from='public open fun invoke (): kotlin.Any? declared in com.template.app.presentation.home.HomeScreenKt.HomeScreen$lambda$2$0$0.HomeScreen$lambda$2$0$0$0.<no name provided>'
                  CALL 'public final fun invoke (): kotlin.Unit declared in com.template.app.presentation.home.HomeScreenKt.HomeScreen$lambda$2$0$0.HomeScreen$lambda$2$0$0$0.<no name provided>' type=kotlin.Unit origin=BRIDGE_DELEGATION
                    ARG <this>: GET_VAR '<this>: com.template.app.presentation.home.HomeScreenKt.HomeScreen$lambda$2$0$0.HomeScreen$lambda$2$0$0$0.<no name provided> declared in com.template.app.presentation.home.HomeScreenKt.HomeScreen$lambda$2$0$0.HomeScreen$lambda$2$0$0$0.<no name provided>.invoke' type=com.template.app.presentation.home.HomeScreenKt.HomeScreen$lambda$2$0$0.HomeScreen$lambda$2$0$0$0.<no name provided> origin=null
          CONSTRUCTOR_CALL 'public/*package*/ constructor <init> ($onItemClick: kotlin.Function1<com.template.app.domain.model.ExampleItem, kotlin.Unit>, $item: com.template.app.domain.model.ExampleItem) [primary] declared in com.template.app.presentation.home.HomeScreenKt.HomeScreen$lambda$2$0$0.HomeScreen$lambda$2$0$0$0.<no name provided>' type=com.template.app.presentation.home.HomeScreenKt.HomeScreen$lambda$2$0$0.HomeScreen$lambda$2$0$0$0.<no name provided> origin=null
            ARG $onItemClick: GET_VAR '$onItemClick: kotlin.Function1<com.template.app.domain.model.ExampleItem, kotlin.Unit> declared in com.template.app.presentation.home.HomeScreenKt.HomeScreen$lambda$2$0$0.HomeScreen$lambda$2$0$0$0' type=kotlin.Function1<com.template.app.domain.model.ExampleItem, kotlin.Unit> origin=null
            ARG $item: GET_VAR 'item: com.template.app.domain.model.ExampleItem declared in com.template.app.presentation.home.HomeScreenKt.HomeScreen$lambda$2$0$0.HomeScreen$lambda$2$0$0$0' type=com.template.app.domain.model.ExampleItem origin=null
        ARG modifier: GET_VAR 'val tmp0_modifier: androidx.compose.ui.Modifier [val] declared in com.template.app.presentation.home.HomeScreenKt.HomeScreen$lambda$2$0$0.HomeScreen$lambda$2$0$0$0' type=androidx.compose.ui.Modifier origin=null
        ARG enabled: COMPOSITE type=kotlin.Boolean origin=DEFAULT_VALUE
          CONST Boolean type=kotlin.Boolean value=false
        ARG shape: COMPOSITE type=androidx.compose.ui.graphics.Shape? origin=DEFAULT_VALUE
          CONST Null type=androidx.compose.ui.graphics.Shape? value=null
        ARG colors: COMPOSITE type=androidx.compose.material3.CardColors? origin=DEFAULT_VALUE
          CONST Null type=androidx.compose.material3.CardColors? value=null
        ARG elevation: GET_VAR 'val tmp1_elevation: androidx.compose.material3.CardElevation [val] declared in com.template.app.presentation.home.HomeScreenKt.HomeScreen$lambda$2$0$0.HomeScreen$lambda$2$0$0$0' type=androidx.compose.material3.CardElevation origin=null
        ARG border: COMPOSITE type=androidx.compose.foundation.BorderStroke? origin=DEFAULT_VALUE
          CONST Null type=androidx.compose.foundation.BorderStroke? value=null
        ARG interactionSource: COMPOSITE type=androidx.compose.foundation.interaction.MutableInteractionSource? origin=DEFAULT_VALUE
          CONST Null type=androidx.compose.foundation.interaction.MutableInteractionSource? value=null
        ARG content: BLOCK type=com.template.app.presentation.home.HomeScreenKt.HomeScreen$lambda$2$0$0.HomeScreen$lambda$2$0$0$0.<no name provided> origin=null
          CLASS LAMBDA_IMPL CLASS name:<no name provided> modality:FINAL visibility:public/*package*/ superTypes:[kotlin.Any; kotlin.Function1<androidx.compose.foundation.layout.ColumnScope, kotlin.Unit>]
            thisReceiver: VALUE_PARAMETER INSTANCE_RECEIVER kind:DispatchReceiver name:<this> type:com.template.app.presentation.home.HomeScreenKt.HomeScreen$lambda$2$0$0.HomeScreen$lambda$2$0$0$0.<no name provided>
            CONSTRUCTOR GENERATED_MEMBER_IN_CALLABLE_REFERENCE visibility:public/*package*/ returnType:com.template.app.presentation.home.HomeScreenKt.HomeScreen$lambda$2$0$0.HomeScreen$lambda$2$0$0$0.<no name provided> [primary]
              VALUE_PARAMETER BOUND_VALUE_PARAMETER kind:Regular name:$item index:0 type:com.template.app.domain.model.ExampleItem
              BLOCK_BODY
                SET_FIELD 'FIELD FIELD_FOR_CAPTURED_VALUE name:$item type:com.template.app.domain.model.ExampleItem visibility:public/*package*/ [final] declared in com.template.app.presentation.home.HomeScreenKt.HomeScreen$lambda$2$0$0.HomeScreen$lambda$2$0$0$0.<no name provided>' type=kotlin.Unit origin=INITIALIZER_OF_FIELD_FOR_CAPTURED_VALUE
                  receiver: GET_VAR '<this>: com.template.app.presentation.home.HomeScreenKt.HomeScreen$lambda$2$0$0.HomeScreen$lambda$2$0$0$0.<no name provided> declared in com.template.app.presentation.home.HomeScreenKt.HomeScreen$lambda$2$0$0.HomeScreen$lambda$2$0$0$0.<no name provided>' type=com.template.app.presentation.home.HomeScreenKt.HomeScreen$lambda$2$0$0.HomeScreen$lambda$2$0$0$0.<no name provided> origin=null
                  value: GET_VAR '$item: com.template.app.domain.model.ExampleItem declared in com.template.app.presentation.home.HomeScreenKt.HomeScreen$lambda$2$0$0.HomeScreen$lambda$2$0$0$0.<no name provided>.<init>' type=com.template.app.domain.model.ExampleItem origin=null
                DELEGATING_CONSTRUCTOR_CALL 'public constructor <init> () [primary] declared in kotlin.Any'
                BLOCK type=kotlin.Unit origin=null
            FUN name:invoke visibility:public modality:FINAL returnType:kotlin.Unit
              VALUE_PARAMETER INSTANCE_RECEIVER kind:DispatchReceiver name:<this> index:0 type:com.template.app.presentation.home.HomeScreenKt.HomeScreen$lambda$2$0$0.HomeScreen$lambda$2$0$0$0.<no name provided>
              VALUE_PARAMETER kind:Regular name:$this$Card index:1 type:androidx.compose.foundation.layout.ColumnScope
              overridden:
                public abstract fun invoke (p1: P1 of kotlin.Function1): R of kotlin.Function1 [operator] declared in kotlin.Function1
              BLOCK_BODY
                CALL 'public final fun Column$default (modifier: androidx.compose.ui.Modifier?, verticalArrangement: androidx.compose.foundation.layout.Arrangement.Vertical?, horizontalAlignment: androidx.compose.ui.Alignment.Horizontal?, content: @[Composable] @[ExtensionFunctionType] kotlin.Function1<androidx.compose.foundation.layout.ColumnScope, kotlin.Unit>, $mask0: kotlin.Int, $handler: kotlin.Any?): kotlin.Unit [inline] declared in androidx.compose.foundation.layout.ColumnKt' type=kotlin.Unit origin=DEFAULT_DISPATCH_CALL
                  ARG modifier: CALL 'public final fun padding-3ABfNKs ($this$padding: androidx.compose.ui.Modifier, all: androidx.compose.ui.unit.Dp): androidx.compose.ui.Modifier declared in androidx.compose.foundation.layout.PaddingKt' type=androidx.compose.ui.Modifier origin=null
                    ARG $this$padding: GET_FIELD 'FIELD FIELD_FOR_OBJECT_INSTANCE name:Companion type:androidx.compose.ui.Modifier.Companion visibility:public [final,static] declared in androidx.compose.ui.Modifier' type=androidx.compose.ui.Modifier.Companion origin=null
                    ARG all: CALL 'public final fun <get-dp> (<this>: kotlin.Int): androidx.compose.ui.unit.Dp [inline] declared in androidx.compose.ui.unit.DpKt' type=androidx.compose.ui.unit.Dp origin=GET_PROPERTY
                      ARG <this>: CONST Int type=kotlin.Int value=16
                  ARG verticalArrangement: COMPOSITE type=androidx.compose.foundation.layout.Arrangement.Vertical? origin=DEFAULT_VALUE
                    CONST Null type=androidx.compose.foundation.layout.Arrangement.Vertical? value=null
                  ARG horizontalAlignment: COMPOSITE type=androidx.compose.ui.Alignment.Horizontal? origin=DEFAULT_VALUE
                    CONST Null type=androidx.compose.ui.Alignment.Horizontal? value=null
                  ARG content: RICH_FUNCTION_REFERENCE type=@[ExtensionFunctionType] kotlin.Function1<androidx.compose.foundation.layout.ColumnScope, kotlin.Unit> origin=INLINE_LAMBDA reflectionTarget='null'
                    overriddenFunctionSymbol: public abstract fun invoke (p1: P1 of kotlin.Function1): R of kotlin.Function1 [operator] declared in kotlin.Function1
                    bound $item: GET_FIELD 'FIELD FIELD_FOR_CAPTURED_VALUE name:$item type:com.template.app.domain.model.ExampleItem visibility:public/*package*/ [final] declared in com.template.app.presentation.home.HomeScreenKt.HomeScreen$lambda$2$0$0.HomeScreen$lambda$2$0$0$0.<no name provided>' type=com.template.app.domain.model.ExampleItem origin=null
                      receiver: GET_VAR '<this>: com.template.app.presentation.home.HomeScreenKt.HomeScreen$lambda$2$0$0.HomeScreen$lambda$2$0$0$0.<no name provided> declared in com.template.app.presentation.home.HomeScreenKt.HomeScreen$lambda$2$0$0.HomeScreen$lambda$2$0$0$0.<no name provided>.invoke' type=com.template.app.presentation.home.HomeScreenKt.HomeScreen$lambda$2$0$0.HomeScreen$lambda$2$0$0$0.<no name provided> origin=null
                    invoke: FUN INLINE_LAMBDA name:invoke$lambda$0 visibility:private modality:FINAL returnType:kotlin.Unit
                      VALUE_PARAMETER BOUND_VALUE_PARAMETER kind:Regular name:$item index:0 type:com.template.app.domain.model.ExampleItem
                      VALUE_PARAMETER BOUND_RECEIVER_PARAMETER kind:Regular name:$this$Column index:1 type:androidx.compose.foundation.layout.ColumnScope
                      BLOCK_BODY
                        VAR name:$i$a$-Column$default-HomeScreenKt$HomeScreen$2$1$1$1$2$1 type:kotlin.Int [val]
                          CONST Int type=kotlin.Int value=0
                        BLOCK type=kotlin.Unit origin=ARGUMENTS_REORDERING_FOR_CALL
                          VAR IR_TEMPORARY_VARIABLE name:tmp0_text type:kotlin.String [val]
                            CALL 'public final fun <get-title> (): kotlin.String declared in com.template.app.domain.model.ExampleItem' type=kotlin.String origin=GET_PROPERTY
                              ARG <this>: GET_VAR '$item: com.template.app.domain.model.ExampleItem declared in com.template.app.presentation.home.HomeScreenKt.HomeScreen$lambda$2$0$0.HomeScreen$lambda$2$0$0$0.<no name provided>.invoke.invoke$lambda$0' type=com.template.app.domain.model.ExampleItem origin=null
                          VAR IR_TEMPORARY_VARIABLE name:tmp1_style type:androidx.compose.ui.text.TextStyle [val]
                            CALL 'public final fun <get-titleLarge> (): androidx.compose.ui.text.TextStyle declared in androidx.compose.material3.Typography' type=androidx.compose.ui.text.TextStyle origin=GET_PROPERTY
                              ARG <this>: CALL 'public final fun <get-typography> (): androidx.compose.material3.Typography declared in androidx.compose.material3.MaterialTheme' type=androidx.compose.material3.Typography origin=GET_PROPERTY
                                ARG <this>: GET_FIELD 'FIELD FIELD_FOR_OBJECT_INSTANCE name:INSTANCE type:androidx.compose.material3.MaterialTheme visibility:public [final,static] declared in androidx.compose.material3.MaterialTheme' type=androidx.compose.material3.MaterialTheme origin=null
                          VAR IR_TEMPORARY_VARIABLE name:tmp2_color type:androidx.compose.ui.graphics.Color [val]
                            CALL 'public final fun getOnSurface-0d7_KjU (): androidx.compose.ui.graphics.Color declared in androidx.compose.material3.ColorScheme' type=androidx.compose.ui.graphics.Color origin=GET_PROPERTY
                              ARG <this>: CALL 'public final fun <get-colorScheme> (): androidx.compose.material3.ColorScheme declared in androidx.compose.material3.MaterialTheme' type=androidx.compose.material3.ColorScheme origin=GET_PROPERTY
                                ARG <this>: GET_FIELD 'FIELD FIELD_FOR_OBJECT_INSTANCE name:INSTANCE type:androidx.compose.material3.MaterialTheme visibility:public [final,static] declared in androidx.compose.material3.MaterialTheme' type=androidx.compose.material3.MaterialTheme origin=null
                          CALL 'public final fun Text-80ic1_w$default (text: kotlin.String, modifier: androidx.compose.ui.Modifier?, color: androidx.compose.ui.graphics.Color, fontSize: androidx.compose.ui.unit.TextUnit, fontStyle: androidx.compose.ui.text.font.FontStyle?, fontWeight: androidx.compose.ui.text.font.FontWeight?, fontFamily: androidx.compose.ui.text.font.FontFamily?, letterSpacing: androidx.compose.ui.unit.TextUnit, textDecoration: androidx.compose.ui.text.style.TextDecoration?, textAlign: androidx.compose.ui.text.style.TextAlign?, lineHeight: androidx.compose.ui.unit.TextUnit, overflow: androidx.compose.ui.text.style.TextOverflow, softWrap: kotlin.Boolean, maxLines: kotlin.Int, minLines: kotlin.Int, onTextLayout: kotlin.Function1<androidx.compose.ui.text.TextLayoutResult, kotlin.Unit>?, style: androidx.compose.ui.text.TextStyle?, $mask0: kotlin.Int, $handler: kotlin.Any?): kotlin.Unit declared in androidx.compose.material3.TextKt' type=kotlin.Unit origin=DEFAULT_DISPATCH_CALL
                            ARG text: GET_VAR 'val tmp0_text: kotlin.String [val] declared in com.template.app.presentation.home.HomeScreenKt.HomeScreen$lambda$2$0$0.HomeScreen$lambda$2$0$0$0.<no name provided>.invoke.invoke$lambda$0' type=kotlin.String origin=null
                            ARG modifier: COMPOSITE type=androidx.compose.ui.Modifier? origin=DEFAULT_VALUE
                              CONST Null type=androidx.compose.ui.Modifier? value=null
                            ARG color: GET_VAR 'val tmp2_color: androidx.compose.ui.graphics.Color [val] declared in com.template.app.presentation.home.HomeScreenKt.HomeScreen$lambda$2$0$0.HomeScreen$lambda$2$0$0$0.<no name provided>.invoke.invoke$lambda$0' type=androidx.compose.ui.graphics.Color origin=null
                            ARG fontSize: COMPOSITE type=androidx.compose.ui.unit.TextUnit origin=DEFAULT_VALUE
                              CALL 'public final fun <unsafe-coerce> <T, R> (v: T of kotlin.jvm.internal.<unsafe-coerce>): R of kotlin.jvm.internal.<unsafe-coerce> declared in kotlin.jvm.internal' type=androidx.compose.ui.unit.TextUnit origin=null
                                TYPE_ARG T: kotlin.Long
                                TYPE_ARG R: androidx.compose.ui.unit.TextUnit
                                ARG v: CONST Long type=kotlin.Long value=0
                            ARG fontStyle: COMPOSITE type=androidx.compose.ui.text.font.FontStyle? origin=DEFAULT_VALUE
                              CONST Null type=androidx.compose.ui.text.font.FontStyle? value=null
                            ARG fontWeight: COMPOSITE type=androidx.compose.ui.text.font.FontWeight? origin=DEFAULT_VALUE
                              CONST Null type=androidx.compose.ui.text.font.FontWeight? value=null
                            ARG fontFamily: COMPOSITE type=androidx.compose.ui.text.font.FontFamily? origin=DEFAULT_VALUE
                              CONST Null type=androidx.compose.ui.text.font.FontFamily? value=null
                            ARG letterSpacing: COMPOSITE type=androidx.compose.ui.unit.TextUnit origin=DEFAULT_VALUE
                              CALL 'public final fun <unsafe-coerce> <T, R> (v: T of kotlin.jvm.internal.<unsafe-coerce>): R of kotlin.jvm.internal.<unsafe-coerce> declared in kotlin.jvm.internal' type=androidx.compose.ui.unit.TextUnit origin=null
                                TYPE_ARG T: kotlin.Long
                                TYPE_ARG R: androidx.compose.ui.unit.TextUnit
                                ARG v: CONST Long type=kotlin.Long value=0
                            ARG textDecoration: COMPOSITE type=androidx.compose.ui.text.style.TextDecoration? origin=DEFAULT_VALUE
                              CONST Null type=androidx.compose.ui.text.style.TextDecoration? value=null
                            ARG textAlign: COMPOSITE type=androidx.compose.ui.text.style.TextAlign? origin=DEFAULT_VALUE
                              CONST Null type=androidx.compose.ui.text.style.TextAlign? value=null
                            ARG lineHeight: COMPOSITE type=androidx.compose.ui.unit.TextUnit origin=DEFAULT_VALUE
                              CALL 'public final fun <unsafe-coerce> <T, R> (v: T of kotlin.jvm.internal.<unsafe-coerce>): R of kotlin.jvm.internal.<unsafe-coerce> declared in kotlin.jvm.internal' type=androidx.compose.ui.unit.TextUnit origin=null
                                TYPE_ARG T: kotlin.Long
                                TYPE_ARG R: androidx.compose.ui.unit.TextUnit
                                ARG v: CONST Long type=kotlin.Long value=0
                            ARG overflow: COMPOSITE type=androidx.compose.ui.text.style.TextOverflow origin=DEFAULT_VALUE
                              CALL 'public final fun <unsafe-coerce> <T, R> (v: T of kotlin.jvm.internal.<unsafe-coerce>): R of kotlin.jvm.internal.<unsafe-coerce> declared in kotlin.jvm.internal' type=androidx.compose.ui.text.style.TextOverflow origin=null
                                TYPE_ARG T: kotlin.Int
                                TYPE_ARG R: androidx.compose.ui.text.style.TextOverflow
                                ARG v: CONST Int type=kotlin.Int value=0
                            ARG softWrap: COMPOSITE type=kotlin.Boolean origin=DEFAULT_VALUE
                              CONST Boolean type=kotlin.Boolean value=false
                            ARG maxLines: COMPOSITE type=kotlin.Int origin=DEFAULT_VALUE
                              CONST Int type=kotlin.Int value=0
                            ARG minLines: COMPOSITE type=kotlin.Int origin=DEFAULT_VALUE
                              CONST Int type=kotlin.Int value=0
                            ARG onTextLayout: COMPOSITE type=kotlin.Function1<androidx.compose.ui.text.TextLayoutResult, kotlin.Unit>? origin=DEFAULT_VALUE
                              CONST Null type=kotlin.Function1<androidx.compose.ui.text.TextLayoutResult, kotlin.Unit>? value=null
                            ARG style: GET_VAR 'val tmp1_style: androidx.compose.ui.text.TextStyle [val] declared in com.template.app.presentation.home.HomeScreenKt.HomeScreen$lambda$2$0$0.HomeScreen$lambda$2$0$0$0.<no name provided>.invoke.invoke$lambda$0' type=androidx.compose.ui.text.TextStyle origin=null
                            ARG $mask0: CONST Int type=kotlin.Int value=65530
                            ARG $handler: CONST Null type=kotlin.Any? value=null
                        CALL 'public final fun Spacer (modifier: androidx.compose.ui.Modifier): kotlin.Unit declared in androidx.compose.foundation.layout.SpacerKt' type=kotlin.Unit origin=null
                          ARG modifier: CALL 'public final fun padding-qDBjuR0$default ($this$padding: androidx.compose.ui.Modifier, start: androidx.compose.ui.unit.Dp, top: androidx.compose.ui.unit.Dp, end: androidx.compose.ui.unit.Dp, bottom: androidx.compose.ui.unit.Dp, $mask0: kotlin.Int, $handler: kotlin.Any?): androidx.compose.ui.Modifier declared in androidx.compose.foundation.layout.PaddingKt' type=androidx.compose.ui.Modifier origin=DEFAULT_DISPATCH_CALL
                            ARG $this$padding: GET_FIELD 'FIELD FIELD_FOR_OBJECT_INSTANCE name:Companion type:androidx.compose.ui.Modifier.Companion visibility:public [final,static] declared in androidx.compose.ui.Modifier' type=androidx.compose.ui.Modifier.Companion origin=null
                            ARG start: COMPOSITE type=androidx.compose.ui.unit.Dp origin=DEFAULT_VALUE
                              CALL 'public final fun <unsafe-coerce> <T, R> (v: T of kotlin.jvm.internal.<unsafe-coerce>): R of kotlin.jvm.internal.<unsafe-coerce> declared in kotlin.jvm.internal' type=androidx.compose.ui.unit.Dp origin=null
                                TYPE_ARG T: kotlin.Float
                                TYPE_ARG R: androidx.compose.ui.unit.Dp
                                ARG v: CONST Float type=kotlin.Float value=0.0
                            ARG top: CALL 'public final fun <get-dp> (<this>: kotlin.Int): androidx.compose.ui.unit.Dp [inline] declared in androidx.compose.ui.unit.DpKt' type=androidx.compose.ui.unit.Dp origin=GET_PROPERTY
                              ARG <this>: CONST Int type=kotlin.Int value=8
                            ARG end: COMPOSITE type=androidx.compose.ui.unit.Dp origin=DEFAULT_VALUE
                              CALL 'public final fun <unsafe-coerce> <T, R> (v: T of kotlin.jvm.internal.<unsafe-coerce>): R of kotlin.jvm.internal.<unsafe-coerce> declared in kotlin.jvm.internal' type=androidx.compose.ui.unit.Dp origin=null
                                TYPE_ARG T: kotlin.Float
                                TYPE_ARG R: androidx.compose.ui.unit.Dp
                                ARG v: CONST Float type=kotlin.Float value=0.0
                            ARG bottom: COMPOSITE type=androidx.compose.ui.unit.Dp origin=DEFAULT_VALUE
                              CALL 'public final fun <unsafe-coerce> <T, R> (v: T of kotlin.jvm.internal.<unsafe-coerce>): R of kotlin.jvm.internal.<unsafe-coerce> declared in kotlin.jvm.internal' type=androidx.compose.ui.unit.Dp origin=null
                                TYPE_ARG T: kotlin.Float
                                TYPE_ARG R: androidx.compose.ui.unit.Dp
                                ARG v: CONST Float type=kotlin.Float value=0.0
                            ARG $mask0: CONST Int type=kotlin.Int value=13
                            ARG $handler: CONST Null type=kotlin.Any? value=null
                        BLOCK type=kotlin.Unit origin=ARGUMENTS_REORDERING_FOR_CALL
                          VAR IR_TEMPORARY_VARIABLE name:tmp3_text type:kotlin.String [val]
                            CALL 'public final fun <get-description> (): kotlin.String declared in com.template.app.domain.model.ExampleItem' type=kotlin.String origin=GET_PROPERTY
                              ARG <this>: GET_VAR '$item: com.template.app.domain.model.ExampleItem declared in com.template.app.presentation.home.HomeScreenKt.HomeScreen$lambda$2$0$0.HomeScreen$lambda$2$0$0$0.<no name provided>.invoke.invoke$lambda$0' type=com.template.app.domain.model.ExampleItem origin=null
                          VAR IR_TEMPORARY_VARIABLE name:tmp4_style type:androidx.compose.ui.text.TextStyle [val]
                            CALL 'public final fun <get-bodyMedium> (): androidx.compose.ui.text.TextStyle declared in androidx.compose.material3.Typography' type=androidx.compose.ui.text.TextStyle origin=GET_PROPERTY
                              ARG <this>: CALL 'public final fun <get-typography> (): androidx.compose.material3.Typography declared in androidx.compose.material3.MaterialTheme' type=androidx.compose.material3.Typography origin=GET_PROPERTY
                                ARG <this>: GET_FIELD 'FIELD FIELD_FOR_OBJECT_INSTANCE name:INSTANCE type:androidx.compose.material3.MaterialTheme visibility:public [final,static] declared in androidx.compose.material3.MaterialTheme' type=androidx.compose.material3.MaterialTheme origin=null
                          VAR IR_TEMPORARY_VARIABLE name:tmp5_color type:androidx.compose.ui.graphics.Color [val]
                            CALL 'public final fun getOnSurfaceVariant-0d7_KjU (): androidx.compose.ui.graphics.Color declared in androidx.compose.material3.ColorScheme' type=androidx.compose.ui.graphics.Color origin=GET_PROPERTY
                              ARG <this>: CALL 'public final fun <get-colorScheme> (): androidx.compose.material3.ColorScheme declared in androidx.compose.material3.MaterialTheme' type=androidx.compose.material3.ColorScheme origin=GET_PROPERTY
                                ARG <this>: GET_FIELD 'FIELD FIELD_FOR_OBJECT_INSTANCE name:INSTANCE type:androidx.compose.material3.MaterialTheme visibility:public [final,static] declared in androidx.compose.material3.MaterialTheme' type=androidx.compose.material3.MaterialTheme origin=null
                          CALL 'public final fun Text-80ic1_w$default (text: kotlin.String, modifier: androidx.compose.ui.Modifier?, color: androidx.compose.ui.graphics.Color, fontSize: androidx.compose.ui.unit.TextUnit, fontStyle: androidx.compose.ui.text.font.FontStyle?, fontWeight: androidx.compose.ui.text.font.FontWeight?, fontFamily: androidx.compose.ui.text.font.FontFamily?, letterSpacing: androidx.compose.ui.unit.TextUnit, textDecoration: androidx.compose.ui.text.style.TextDecoration?, textAlign: androidx.compose.ui.text.style.TextAlign?, lineHeight: androidx.compose.ui.unit.TextUnit, overflow: androidx.compose.ui.text.style.TextOverflow, softWrap: kotlin.Boolean, maxLines: kotlin.Int, minLines: kotlin.Int, onTextLayout: kotlin.Function1<androidx.compose.ui.text.TextLayoutResult, kotlin.Unit>?, style: androidx.compose.ui.text.TextStyle?, $mask0: kotlin.Int, $handler: kotlin.Any?): kotlin.Unit declared in androidx.compose.material3.TextKt' type=kotlin.Unit origin=DEFAULT_DISPATCH_CALL
                            ARG text: GET_VAR 'val tmp3_text: kotlin.String [val] declared in com.template.app.presentation.home.HomeScreenKt.HomeScreen$lambda$2$0$0.HomeScreen$lambda$2$0$0$0.<no name provided>.invoke.invoke$lambda$0' type=kotlin.String origin=null
                            ARG modifier: COMPOSITE type=androidx.compose.ui.Modifier? origin=DEFAULT_VALUE
                              CONST Null type=androidx.compose.ui.Modifier? value=null
                            ARG color: GET_VAR 'val tmp5_color: androidx.compose.ui.graphics.Color [val] declared in com.template.app.presentation.home.HomeScreenKt.HomeScreen$lambda$2$0$0.HomeScreen$lambda$2$0$0$0.<no name provided>.invoke.invoke$lambda$0' type=androidx.compose.ui.graphics.Color origin=null
                            ARG fontSize: COMPOSITE type=androidx.compose.ui.unit.TextUnit origin=DEFAULT_VALUE
                              CALL 'public final fun <unsafe-coerce> <T, R> (v: T of kotlin.jvm.internal.<unsafe-coerce>): R of kotlin.jvm.internal.<unsafe-coerce> declared in kotlin.jvm.internal' type=androidx.compose.ui.unit.TextUnit origin=null
                                TYPE_ARG T: kotlin.Long
                                TYPE_ARG R: androidx.compose.ui.unit.TextUnit
                                ARG v: CONST Long type=kotlin.Long value=0
                            ARG fontStyle: COMPOSITE type=androidx.compose.ui.text.font.FontStyle? origin=DEFAULT_VALUE
                              CONST Null type=androidx.compose.ui.text.font.FontStyle? value=null
                            ARG fontWeight: COMPOSITE type=androidx.compose.ui.text.font.FontWeight? origin=DEFAULT_VALUE
                              CONST Null type=androidx.compose.ui.text.font.FontWeight? value=null
                            ARG fontFamily: COMPOSITE type=androidx.compose.ui.text.font.FontFamily? origin=DEFAULT_VALUE
                              CONST Null type=androidx.compose.ui.text.font.FontFamily? value=null
                            ARG letterSpacing: COMPOSITE type=androidx.compose.ui.unit.TextUnit origin=DEFAULT_VALUE
                              CALL 'public final fun <unsafe-coerce> <T, R> (v: T of kotlin.jvm.internal.<unsafe-coerce>): R of kotlin.jvm.internal.<unsafe-coerce> declared in kotlin.jvm.internal' type=androidx.compose.ui.unit.TextUnit origin=null
                                TYPE_ARG T: kotlin.Long
                                TYPE_ARG R: androidx.compose.ui.unit.TextUnit
                                ARG v: CONST Long type=kotlin.Long value=0
                            ARG textDecoration: COMPOSITE type=androidx.compose.ui.text.style.TextDecoration? origin=DEFAULT_VALUE
                              CONST Null type=androidx.compose.ui.text.style.TextDecoration? value=null
                            ARG textAlign: COMPOSITE type=androidx.compose.ui.text.style.TextAlign? origin=DEFAULT_VALUE
                              CONST Null type=androidx.compose.ui.text.style.TextAlign? value=null
                            ARG lineHeight: COMPOSITE type=androidx.compose.ui.unit.TextUnit origin=DEFAULT_VALUE
                              CALL 'public final fun <unsafe-coerce> <T, R> (v: T of kotlin.jvm.internal.<unsafe-coerce>): R of kotlin.jvm.internal.<unsafe-coerce> declared in kotlin.jvm.internal' type=androidx.compose.ui.unit.TextUnit origin=null
                                TYPE_ARG T: kotlin.Long
                                TYPE_ARG R: androidx.compose.ui.unit.TextUnit
                                ARG v: CONST Long type=kotlin.Long value=0
                            ARG overflow: COMPOSITE type=androidx.compose.ui.text.style.TextOverflow origin=DEFAULT_VALUE
                              CALL 'public final fun <unsafe-coerce> <T, R> (v: T of kotlin.jvm.internal.<unsafe-coerce>): R of kotlin.jvm.internal.<unsafe-coerce> declared in kotlin.jvm.internal' type=androidx.compose.ui.text.style.TextOverflow origin=null
                                TYPE_ARG T: kotlin.Int
                                TYPE_ARG R: androidx.compose.ui.text.style.TextOverflow
                                ARG v: CONST Int type=kotlin.Int value=0
                            ARG softWrap: COMPOSITE type=kotlin.Boolean origin=DEFAULT_VALUE
                              CONST Boolean type=kotlin.Boolean value=false
                            ARG maxLines: COMPOSITE type=kotlin.Int origin=DEFAULT_VALUE
                              CONST Int type=kotlin.Int value=0
                            ARG minLines: COMPOSITE type=kotlin.Int origin=DEFAULT_VALUE
                              CONST Int type=kotlin.Int value=0
                            ARG onTextLayout: COMPOSITE type=kotlin.Function1<androidx.compose.ui.text.TextLayoutResult, kotlin.Unit>? origin=DEFAULT_VALUE
                              CONST Null type=kotlin.Function1<androidx.compose.ui.text.TextLayoutResult, kotlin.Unit>? value=null
                            ARG style: GET_VAR 'val tmp4_style: androidx.compose.ui.text.TextStyle [val] declared in com.template.app.presentation.home.HomeScreenKt.HomeScreen$lambda$2$0$0.HomeScreen$lambda$2$0$0$0.<no name provided>.invoke.invoke$lambda$0' type=androidx.compose.ui.text.TextStyle origin=null
                            ARG $mask0: CONST Int type=kotlin.Int value=65530
                            ARG $handler: CONST Null type=kotlin.Any? value=null
                  ARG $mask0: CONST Int type=kotlin.Int value=6
                  ARG $handler: CONST Null type=kotlin.Any? value=null
            FIELD FIELD_FOR_CAPTURED_VALUE name:$item type:com.template.app.domain.model.ExampleItem visibility:public/*package*/ [final]
            FUN BRIDGE name:invoke visibility:public modality:OPEN returnType:kotlin.Any?
              VALUE_PARAMETER INSTANCE_RECEIVER kind:DispatchReceiver name:<this> index:0 type:com.template.app.presentation.home.HomeScreenKt.HomeScreen$lambda$2$0$0.HomeScreen$lambda$2$0$0$0.<no name provided>
              VALUE_PARAMETER kind:Regular name:p1 index:1 type:kotlin.Any?
              EXPRESSION_BODY
                RETURN type=kotlin.Nothing from='public open fun invoke (p1: kotlin.Any?): kotlin.Any? declared in com.template.app.presentation.home.HomeScreenKt.HomeScreen$lambda$2$0$0.HomeScreen$lambda$2$0$0$0.<no name provided>'
                  CALL 'public final fun invoke ($this$Card: androidx.compose.foundation.layout.ColumnScope): kotlin.Unit declared in com.template.app.presentation.home.HomeScreenKt.HomeScreen$lambda$2$0$0.HomeScreen$lambda$2$0$0$0.<no name provided>' type=kotlin.Unit origin=BRIDGE_DELEGATION
                    ARG <this>: GET_VAR '<this>: com.template.app.presentation.home.HomeScreenKt.HomeScreen$lambda$2$0$0.HomeScreen$lambda$2$0$0$0.<no name provided> declared in com.template.app.presentation.home.HomeScreenKt.HomeScreen$lambda$2$0$0.HomeScreen$lambda$2$0$0$0.<no name provided>.invoke' type=com.template.app.presentation.home.HomeScreenKt.HomeScreen$lambda$2$0$0.HomeScreen$lambda$2$0$0$0.<no name provided> origin=null
                    ARG $this$Card: TYPE_OP type=androidx.compose.foundation.layout.ColumnScope origin=IMPLICIT_CAST typeOperand=androidx.compose.foundation.layout.ColumnScope
                      GET_VAR 'p1: kotlin.Any? declared in com.template.app.presentation.home.HomeScreenKt.HomeScreen$lambda$2$0$0.HomeScreen$lambda$2$0$0$0.<no name provided>.invoke' type=kotlin.Any? origin=null
          CONSTRUCTOR_CALL 'public/*package*/ constructor <init> ($item: com.template.app.domain.model.ExampleItem) [primary] declared in com.template.app.presentation.home.HomeScreenKt.HomeScreen$lambda$2$0$0.HomeScreen$lambda$2$0$0$0.<no name provided>' type=com.template.app.presentation.home.HomeScreenKt.HomeScreen$lambda$2$0$0.HomeScreen$lambda$2$0$0$0.<no name provided> origin=null
            ARG $item: GET_VAR 'item: com.template.app.domain.model.ExampleItem declared in com.template.app.presentation.home.HomeScreenKt.HomeScreen$lambda$2$0$0.HomeScreen$lambda$2$0$0$0' type=com.template.app.domain.model.ExampleItem origin=null
        ARG $mask0: CONST Int type=kotlin.Int value=220
        ARG $handler: CONST Null type=kotlin.Any? value=null

	at org.jetbrains.kotlin.backend.jvm.codegen.FunctionCodegen.generate(FunctionCodegen.kt:57)
	at org.jetbrains.kotlin.backend.jvm.codegen.IrSourceCompilerForInline.generateLambdaBody(IrSourceCompilerForInline.kt:72)
	at org.jetbrains.kotlin.codegen.inline.ExpressionLambda.generateLambdaBody(LambdaInfo.kt:75)
	at org.jetbrains.kotlin.backend.jvm.codegen.IrInlineCodegen.genValueAndPut(IrInlineCodegen.kt:121)
	at org.jetbrains.kotlin.backend.jvm.codegen.ExpressionCodegen.visitCall$handleParameter(ExpressionCodegen.kt:534)
	at org.jetbrains.kotlin.backend.jvm.codegen.ExpressionCodegen.visitCall(ExpressionCodegen.kt:547)
	at org.jetbrains.kotlin.backend.jvm.codegen.ExpressionCodegen.visitCall(ExpressionCodegen.kt:140)
	at org.jetbrains.kotlin.ir.expressions.IrCall.accept(IrCall.kt:24)
	at org.jetbrains.kotlin.backend.jvm.codegen.ExpressionCodegen.visitStatementContainer(ExpressionCodegen.kt:491)
	at org.jetbrains.kotlin.backend.jvm.codegen.ExpressionCodegen.visitBlockBody(ExpressionCodegen.kt:496)
	at org.jetbrains.kotlin.backend.jvm.codegen.ExpressionCodegen.visitBlockBody(ExpressionCodegen.kt:140)
	at org.jetbrains.kotlin.ir.expressions.IrBlockBody.accept(IrBlockBody.kt:20)
	at org.jetbrains.kotlin.backend.jvm.codegen.ExpressionCodegen.generate(ExpressionCodegen.kt:233)
	at org.jetbrains.kotlin.backend.jvm.codegen.FunctionCodegen.doGenerate(FunctionCodegen.kt:135)
	at org.jetbrains.kotlin.backend.jvm.codegen.FunctionCodegen.generate(FunctionCodegen.kt:54)
	... 37 more
Caused by: java.lang.RuntimeException: Exception while generating code for:
FUN name:invoke visibility:public modality:FINAL returnType:kotlin.Unit
  VALUE_PARAMETER INSTANCE_RECEIVER kind:DispatchReceiver name:<this> index:0 type:com.template.app.presentation.home.HomeScreenKt.HomeScreen$lambda$2$0$0.HomeScreen$lambda$2$0$0$0.<no name provided>
  VALUE_PARAMETER kind:Regular name:$this$Card index:1 type:androidx.compose.foundation.layout.ColumnScope
  overridden:
    public abstract fun invoke (p1: P1 of kotlin.Function1): R of kotlin.Function1 [operator] declared in kotlin.Function1
  BLOCK_BODY
    CALL 'public final fun Column$default (modifier: androidx.compose.ui.Modifier?, verticalArrangement: androidx.compose.foundation.layout.Arrangement.Vertical?, horizontalAlignment: androidx.compose.ui.Alignment.Horizontal?, content: @[Composable] @[ExtensionFunctionType] kotlin.Function1<androidx.compose.foundation.layout.ColumnScope, kotlin.Unit>, $mask0: kotlin.Int, $handler: kotlin.Any?): kotlin.Unit [inline] declared in androidx.compose.foundation.layout.ColumnKt' type=kotlin.Unit origin=DEFAULT_DISPATCH_CALL
      ARG modifier: CALL 'public final fun padding-3ABfNKs ($this$padding: androidx.compose.ui.Modifier, all: androidx.compose.ui.unit.Dp): androidx.compose.ui.Modifier declared in androidx.compose.foundation.layout.PaddingKt' type=androidx.compose.ui.Modifier origin=null
        ARG $this$padding: GET_FIELD 'FIELD FIELD_FOR_OBJECT_INSTANCE name:Companion type:androidx.compose.ui.Modifier.Companion visibility:public [final,static] declared in androidx.compose.ui.Modifier' type=androidx.compose.ui.Modifier.Companion origin=null
        ARG all: CALL 'public final fun <get-dp> (<this>: kotlin.Int): androidx.compose.ui.unit.Dp [inline] declared in androidx.compose.ui.unit.DpKt' type=androidx.compose.ui.unit.Dp origin=GET_PROPERTY
          ARG <this>: CONST Int type=kotlin.Int value=16
      ARG verticalArrangement: COMPOSITE type=androidx.compose.foundation.layout.Arrangement.Vertical? origin=DEFAULT_VALUE
        CONST Null type=androidx.compose.foundation.layout.Arrangement.Vertical? value=null
      ARG horizontalAlignment: COMPOSITE type=androidx.compose.ui.Alignment.Horizontal? origin=DEFAULT_VALUE
        CONST Null type=androidx.compose.ui.Alignment.Horizontal? value=null
      ARG content: RICH_FUNCTION_REFERENCE type=@[ExtensionFunctionType] kotlin.Function1<androidx.compose.foundation.layout.ColumnScope, kotlin.Unit> origin=INLINE_LAMBDA reflectionTarget='null'
        overriddenFunctionSymbol: public abstract fun invoke (p1: P1 of kotlin.Function1): R of kotlin.Function1 [operator] declared in kotlin.Function1
        bound $item: GET_FIELD 'FIELD FIELD_FOR_CAPTURED_VALUE name:$item type:com.template.app.domain.model.ExampleItem visibility:public/*package*/ [final] declared in com.template.app.presentation.home.HomeScreenKt.HomeScreen$lambda$2$0$0.HomeScreen$lambda$2$0$0$0.<no name provided>' type=com.template.app.domain.model.ExampleItem origin=null
          receiver: GET_VAR '<this>: com.template.app.presentation.home.HomeScreenKt.HomeScreen$lambda$2$0$0.HomeScreen$lambda$2$0$0$0.<no name provided> declared in com.template.app.presentation.home.HomeScreenKt.HomeScreen$lambda$2$0$0.HomeScreen$lambda$2$0$0$0.<no name provided>.invoke' type=com.template.app.presentation.home.HomeScreenKt.HomeScreen$lambda$2$0$0.HomeScreen$lambda$2$0$0$0.<no name provided> origin=null
        invoke: FUN INLINE_LAMBDA name:invoke$lambda$0 visibility:private modality:FINAL returnType:kotlin.Unit
          VALUE_PARAMETER BOUND_VALUE_PARAMETER kind:Regular name:$item index:0 type:com.template.app.domain.model.ExampleItem
          VALUE_PARAMETER BOUND_RECEIVER_PARAMETER kind:Regular name:$this$Column index:1 type:androidx.compose.foundation.layout.ColumnScope
          BLOCK_BODY
            VAR name:$i$a$-Column$default-HomeScreenKt$HomeScreen$2$1$1$1$2$1 type:kotlin.Int [val]
              CONST Int type=kotlin.Int value=0
            BLOCK type=kotlin.Unit origin=ARGUMENTS_REORDERING_FOR_CALL
              VAR IR_TEMPORARY_VARIABLE name:tmp0_text type:kotlin.String [val]
                CALL 'public final fun <get-title> (): kotlin.String declared in com.template.app.domain.model.ExampleItem' type=kotlin.String origin=GET_PROPERTY
                  ARG <this>: GET_VAR '$item: com.template.app.domain.model.ExampleItem declared in com.template.app.presentation.home.HomeScreenKt.HomeScreen$lambda$2$0$0.HomeScreen$lambda$2$0$0$0.<no name provided>.invoke.invoke$lambda$0' type=com.template.app.domain.model.ExampleItem origin=null
              VAR IR_TEMPORARY_VARIABLE name:tmp1_style type:androidx.compose.ui.text.TextStyle [val]
                CALL 'public final fun <get-titleLarge> (): androidx.compose.ui.text.TextStyle declared in androidx.compose.material3.Typography' type=androidx.compose.ui.text.TextStyle origin=GET_PROPERTY
                  ARG <this>: CALL 'public final fun <get-typography> (): androidx.compose.material3.Typography declared in androidx.compose.material3.MaterialTheme' type=androidx.compose.material3.Typography origin=GET_PROPERTY
                    ARG <this>: GET_FIELD 'FIELD FIELD_FOR_OBJECT_INSTANCE name:INSTANCE type:androidx.compose.material3.MaterialTheme visibility:public [final,static] declared in androidx.compose.material3.MaterialTheme' type=androidx.compose.material3.MaterialTheme origin=null
              VAR IR_TEMPORARY_VARIABLE name:tmp2_color type:androidx.compose.ui.graphics.Color [val]
                CALL 'public final fun getOnSurface-0d7_KjU (): androidx.compose.ui.graphics.Color declared in androidx.compose.material3.ColorScheme' type=androidx.compose.ui.graphics.Color origin=GET_PROPERTY
                  ARG <this>: CALL 'public final fun <get-colorScheme> (): androidx.compose.material3.ColorScheme declared in androidx.compose.material3.MaterialTheme' type=androidx.compose.material3.ColorScheme origin=GET_PROPERTY
                    ARG <this>: GET_FIELD 'FIELD FIELD_FOR_OBJECT_INSTANCE name:INSTANCE type:androidx.compose.material3.MaterialTheme visibility:public [final,static] declared in androidx.compose.material3.MaterialTheme' type=androidx.compose.material3.MaterialTheme origin=null
              CALL 'public final fun Text-80ic1_w$default (text: kotlin.String, modifier: androidx.compose.ui.Modifier?, color: androidx.compose.ui.graphics.Color, fontSize: androidx.compose.ui.unit.TextUnit, fontStyle: androidx.compose.ui.text.font.FontStyle?, fontWeight: androidx.compose.ui.text.font.FontWeight?, fontFamily: androidx.compose.ui.text.font.FontFamily?, letterSpacing: androidx.compose.ui.unit.TextUnit, textDecoration: androidx.compose.ui.text.style.TextDecoration?, textAlign: androidx.compose.ui.text.style.TextAlign?, lineHeight: androidx.compose.ui.unit.TextUnit, overflow: androidx.compose.ui.text.style.TextOverflow, softWrap: kotlin.Boolean, maxLines: kotlin.Int, minLines: kotlin.Int, onTextLayout: kotlin.Function1<androidx.compose.ui.text.TextLayoutResult, kotlin.Unit>?, style: androidx.compose.ui.text.TextStyle?, $mask0: kotlin.Int, $handler: kotlin.Any?): kotlin.Unit declared in androidx.compose.material3.TextKt' type=kotlin.Unit origin=DEFAULT_DISPATCH_CALL
                ARG text: GET_VAR 'val tmp0_text: kotlin.String [val] declared in com.template.app.presentation.home.HomeScreenKt.HomeScreen$lambda$2$0$0.HomeScreen$lambda$2$0$0$0.<no name provided>.invoke.invoke$lambda$0' type=kotlin.String origin=null
                ARG modifier: COMPOSITE type=androidx.compose.ui.Modifier? origin=DEFAULT_VALUE
                  CONST Null type=androidx.compose.ui.Modifier? value=null
                ARG color: GET_VAR 'val tmp2_color: androidx.compose.ui.graphics.Color [val] declared in com.template.app.presentation.home.HomeScreenKt.HomeScreen$lambda$2$0$0.HomeScreen$lambda$2$0$0$0.<no name provided>.invoke.invoke$lambda$0' type=androidx.compose.ui.graphics.Color origin=null
                ARG fontSize: COMPOSITE type=androidx.compose.ui.unit.TextUnit origin=DEFAULT_VALUE
                  CALL 'public final fun <unsafe-coerce> <T, R> (v: T of kotlin.jvm.internal.<unsafe-coerce>): R of kotlin.jvm.internal.<unsafe-coerce> declared in kotlin.jvm.internal' type=androidx.compose.ui.unit.TextUnit origin=null
                    TYPE_ARG T: kotlin.Long
                    TYPE_ARG R: androidx.compose.ui.unit.TextUnit
                    ARG v: CONST Long type=kotlin.Long value=0
                ARG fontStyle: COMPOSITE type=androidx.compose.ui.text.font.FontStyle? origin=DEFAULT_VALUE
                  CONST Null type=androidx.compose.ui.text.font.FontStyle? value=null
                ARG fontWeight: COMPOSITE type=androidx.compose.ui.text.font.FontWeight? origin=DEFAULT_VALUE
                  CONST Null type=androidx.compose.ui.text.font.FontWeight? value=null
                ARG fontFamily: COMPOSITE type=androidx.compose.ui.text.font.FontFamily? origin=DEFAULT_VALUE
                  CONST Null type=androidx.compose.ui.text.font.FontFamily? value=null
                ARG letterSpacing: COMPOSITE type=androidx.compose.ui.unit.TextUnit origin=DEFAULT_VALUE
                  CALL 'public final fun <unsafe-coerce> <T, R> (v: T of kotlin.jvm.internal.<unsafe-coerce>): R of kotlin.jvm.internal.<unsafe-coerce> declared in kotlin.jvm.internal' type=androidx.compose.ui.unit.TextUnit origin=null
                    TYPE_ARG T: kotlin.Long
                    TYPE_ARG R: androidx.compose.ui.unit.TextUnit
                    ARG v: CONST Long type=kotlin.Long value=0
                ARG textDecoration: COMPOSITE type=androidx.compose.ui.text.style.TextDecoration? origin=DEFAULT_VALUE
                  CONST Null type=androidx.compose.ui.text.style.TextDecoration? value=null
                ARG textAlign: COMPOSITE type=androidx.compose.ui.text.style.TextAlign? origin=DEFAULT_VALUE
                  CONST Null type=androidx.compose.ui.text.style.TextAlign? value=null
                ARG lineHeight: COMPOSITE type=androidx.compose.ui.unit.TextUnit origin=DEFAULT_VALUE
                  CALL 'public final fun <unsafe-coerce> <T, R> (v: T of kotlin.jvm.internal.<unsafe-coerce>): R of kotlin.jvm.internal.<unsafe-coerce> declared in kotlin.jvm.internal' type=androidx.compose.ui.unit.TextUnit origin=null
                    TYPE_ARG T: kotlin.Long
                    TYPE_ARG R: androidx.compose.ui.unit.TextUnit
                    ARG v: CONST Long type=kotlin.Long value=0
                ARG overflow: COMPOSITE type=androidx.compose.ui.text.style.TextOverflow origin=DEFAULT_VALUE
                  CALL 'public final fun <unsafe-coerce> <T, R> (v: T of kotlin.jvm.internal.<unsafe-coerce>): R of kotlin.jvm.internal.<unsafe-coerce> declared in kotlin.jvm.internal' type=androidx.compose.ui.text.style.TextOverflow origin=null
                    TYPE_ARG T: kotlin.Int
                    TYPE_ARG R: androidx.compose.ui.text.style.TextOverflow
                    ARG v: CONST Int type=kotlin.Int value=0
                ARG softWrap: COMPOSITE type=kotlin.Boolean origin=DEFAULT_VALUE
                  CONST Boolean type=kotlin.Boolean value=false
                ARG maxLines: COMPOSITE type=kotlin.Int origin=DEFAULT_VALUE
                  CONST Int type=kotlin.Int value=0
                ARG minLines: COMPOSITE type=kotlin.Int origin=DEFAULT_VALUE
                  CONST Int type=kotlin.Int value=0
                ARG onTextLayout: COMPOSITE type=kotlin.Function1<androidx.compose.ui.text.TextLayoutResult, kotlin.Unit>? origin=DEFAULT_VALUE
                  CONST Null type=kotlin.Function1<androidx.compose.ui.text.TextLayoutResult, kotlin.Unit>? value=null
                ARG style: GET_VAR 'val tmp1_style: androidx.compose.ui.text.TextStyle [val] declared in com.template.app.presentation.home.HomeScreenKt.HomeScreen$lambda$2$0$0.HomeScreen$lambda$2$0$0$0.<no name provided>.invoke.invoke$lambda$0' type=androidx.compose.ui.text.TextStyle origin=null
                ARG $mask0: CONST Int type=kotlin.Int value=65530
                ARG $handler: CONST Null type=kotlin.Any? value=null
            CALL 'public final fun Spacer (modifier: androidx.compose.ui.Modifier): kotlin.Unit declared in androidx.compose.foundation.layout.SpacerKt' type=kotlin.Unit origin=null
              ARG modifier: CALL 'public final fun padding-qDBjuR0$default ($this$padding: androidx.compose.ui.Modifier, start: androidx.compose.ui.unit.Dp, top: androidx.compose.ui.unit.Dp, end: androidx.compose.ui.unit.Dp, bottom: androidx.compose.ui.unit.Dp, $mask0: kotlin.Int, $handler: kotlin.Any?): androidx.compose.ui.Modifier declared in androidx.compose.foundation.layout.PaddingKt' type=androidx.compose.ui.Modifier origin=DEFAULT_DISPATCH_CALL
                ARG $this$padding: GET_FIELD 'FIELD FIELD_FOR_OBJECT_INSTANCE name:Companion type:androidx.compose.ui.Modifier.Companion visibility:public [final,static] declared in androidx.compose.ui.Modifier' type=androidx.compose.ui.Modifier.Companion origin=null
                ARG start: COMPOSITE type=androidx.compose.ui.unit.Dp origin=DEFAULT_VALUE
                  CALL 'public final fun <unsafe-coerce> <T, R> (v: T of kotlin.jvm.internal.<unsafe-coerce>): R of kotlin.jvm.internal.<unsafe-coerce> declared in kotlin.jvm.internal' type=androidx.compose.ui.unit.Dp origin=null
                    TYPE_ARG T: kotlin.Float
                    TYPE_ARG R: androidx.compose.ui.unit.Dp
                    ARG v: CONST Float type=kotlin.Float value=0.0
                ARG top: CALL 'public final fun <get-dp> (<this>: kotlin.Int): androidx.compose.ui.unit.Dp [inline] declared in androidx.compose.ui.unit.DpKt' type=androidx.compose.ui.unit.Dp origin=GET_PROPERTY
                  ARG <this>: CONST Int type=kotlin.Int value=8
                ARG end: COMPOSITE type=androidx.compose.ui.unit.Dp origin=DEFAULT_VALUE
                  CALL 'public final fun <unsafe-coerce> <T, R> (v: T of kotlin.jvm.internal.<unsafe-coerce>): R of kotlin.jvm.internal.<unsafe-coerce> declared in kotlin.jvm.internal' type=androidx.compose.ui.unit.Dp origin=null
                    TYPE_ARG T: kotlin.Float
                    TYPE_ARG R: androidx.compose.ui.unit.Dp
                    ARG v: CONST Float type=kotlin.Float value=0.0
                ARG bottom: COMPOSITE type=androidx.compose.ui.unit.Dp origin=DEFAULT_VALUE
                  CALL 'public final fun <unsafe-coerce> <T, R> (v: T of kotlin.jvm.internal.<unsafe-coerce>): R of kotlin.jvm.internal.<unsafe-coerce> declared in kotlin.jvm.internal' type=androidx.compose.ui.unit.Dp origin=null
                    TYPE_ARG T: kotlin.Float
                    TYPE_ARG R: androidx.compose.ui.unit.Dp
                    ARG v: CONST Float type=kotlin.Float value=0.0
                ARG $mask0: CONST Int type=kotlin.Int value=13
                ARG $handler: CONST Null type=kotlin.Any? value=null
            BLOCK type=kotlin.Unit origin=ARGUMENTS_REORDERING_FOR_CALL
              VAR IR_TEMPORARY_VARIABLE name:tmp3_text type:kotlin.String [val]
                CALL 'public final fun <get-description> (): kotlin.String declared in com.template.app.domain.model.ExampleItem' type=kotlin.String origin=GET_PROPERTY
                  ARG <this>: GET_VAR '$item: com.template.app.domain.model.ExampleItem declared in com.template.app.presentation.home.HomeScreenKt.HomeScreen$lambda$2$0$0.HomeScreen$lambda$2$0$0$0.<no name provided>.invoke.invoke$lambda$0' type=com.template.app.domain.model.ExampleItem origin=null
              VAR IR_TEMPORARY_VARIABLE name:tmp4_style type:androidx.compose.ui.text.TextStyle [val]
                CALL 'public final fun <get-bodyMedium> (): androidx.compose.ui.text.TextStyle declared in androidx.compose.material3.Typography' type=androidx.compose.ui.text.TextStyle origin=GET_PROPERTY
                  ARG <this>: CALL 'public final fun <get-typography> (): androidx.compose.material3.Typography declared in androidx.compose.material3.MaterialTheme' type=androidx.compose.material3.Typography origin=GET_PROPERTY
                    ARG <this>: GET_FIELD 'FIELD FIELD_FOR_OBJECT_INSTANCE name:INSTANCE type:androidx.compose.material3.MaterialTheme visibility:public [final,static] declared in androidx.compose.material3.MaterialTheme' type=androidx.compose.material3.MaterialTheme origin=null
              VAR IR_TEMPORARY_VARIABLE name:tmp5_color type:androidx.compose.ui.graphics.Color [val]
                CALL 'public final fun getOnSurfaceVariant-0d7_KjU (): androidx.compose.ui.graphics.Color declared in androidx.compose.material3.ColorScheme' type=androidx.compose.ui.graphics.Color origin=GET_PROPERTY
                  ARG <this>: CALL 'public final fun <get-colorScheme> (): androidx.compose.material3.ColorScheme declared in androidx.compose.material3.MaterialTheme' type=androidx.compose.material3.ColorScheme origin=GET_PROPERTY
                    ARG <this>: GET_FIELD 'FIELD FIELD_FOR_OBJECT_INSTANCE name:INSTANCE type:androidx.compose.material3.MaterialTheme visibility:public [final,static] declared in androidx.compose.material3.MaterialTheme' type=androidx.compose.material3.MaterialTheme origin=null
              CALL 'public final fun Text-80ic1_w$default (text: kotlin.String, modifier: androidx.compose.ui.Modifier?, color: androidx.compose.ui.graphics.Color, fontSize: androidx.compose.ui.unit.TextUnit, fontStyle: androidx.compose.ui.text.font.FontStyle?, fontWeight: androidx.compose.ui.text.font.FontWeight?, fontFamily: androidx.compose.ui.text.font.FontFamily?, letterSpacing: androidx.compose.ui.unit.TextUnit, textDecoration: androidx.compose.ui.text.style.TextDecoration?, textAlign: androidx.compose.ui.text.style.TextAlign?, lineHeight: androidx.compose.ui.unit.TextUnit, overflow: androidx.compose.ui.text.style.TextOverflow, softWrap: kotlin.Boolean, maxLines: kotlin.Int, minLines: kotlin.Int, onTextLayout: kotlin.Function1<androidx.compose.ui.text.TextLayoutResult, kotlin.Unit>?, style: androidx.compose.ui.text.TextStyle?, $mask0: kotlin.Int, $handler: kotlin.Any?): kotlin.Unit declared in androidx.compose.material3.TextKt' type=kotlin.Unit origin=DEFAULT_DISPATCH_CALL
                ARG text: GET_VAR 'val tmp3_text: kotlin.String [val] declared in com.template.app.presentation.home.HomeScreenKt.HomeScreen$lambda$2$0$0.HomeScreen$lambda$2$0$0$0.<no name provided>.invoke.invoke$lambda$0' type=kotlin.String origin=null
                ARG modifier: COMPOSITE type=androidx.compose.ui.Modifier? origin=DEFAULT_VALUE
                  CONST Null type=androidx.compose.ui.Modifier? value=null
                ARG color: GET_VAR 'val tmp5_color: androidx.compose.ui.graphics.Color [val] declared in com.template.app.presentation.home.HomeScreenKt.HomeScreen$lambda$2$0$0.HomeScreen$lambda$2$0$0$0.<no name provided>.invoke.invoke$lambda$0' type=androidx.compose.ui.graphics.Color origin=null
                ARG fontSize: COMPOSITE type=androidx.compose.ui.unit.TextUnit origin=DEFAULT_VALUE
                  CALL 'public final fun <unsafe-coerce> <T, R> (v: T of kotlin.jvm.internal.<unsafe-coerce>): R of kotlin.jvm.internal.<unsafe-coerce> declared in kotlin.jvm.internal' type=androidx.compose.ui.unit.TextUnit origin=null
                    TYPE_ARG T: kotlin.Long
                    TYPE_ARG R: androidx.compose.ui.unit.TextUnit
                    ARG v: CONST Long type=kotlin.Long value=0
                ARG fontStyle: COMPOSITE type=androidx.compose.ui.text.font.FontStyle? origin=DEFAULT_VALUE
                  CONST Null type=androidx.compose.ui.text.font.FontStyle? value=null
                ARG fontWeight: COMPOSITE type=androidx.compose.ui.text.font.FontWeight? origin=DEFAULT_VALUE
                  CONST Null type=androidx.compose.ui.text.font.FontWeight? value=null
                ARG fontFamily: COMPOSITE type=androidx.compose.ui.text.font.FontFamily? origin=DEFAULT_VALUE
                  CONST Null type=androidx.compose.ui.text.font.FontFamily? value=null
                ARG letterSpacing: COMPOSITE type=androidx.compose.ui.unit.TextUnit origin=DEFAULT_VALUE
                  CALL 'public final fun <unsafe-coerce> <T, R> (v: T of kotlin.jvm.internal.<unsafe-coerce>): R of kotlin.jvm.internal.<unsafe-coerce> declared in kotlin.jvm.internal' type=androidx.compose.ui.unit.TextUnit origin=null
                    TYPE_ARG T: kotlin.Long
                    TYPE_ARG R: androidx.compose.ui.unit.TextUnit
                    ARG v: CONST Long type=kotlin.Long value=0
                ARG textDecoration: COMPOSITE type=androidx.compose.ui.text.style.TextDecoration? origin=DEFAULT_VALUE
                  CONST Null type=androidx.compose.ui.text.style.TextDecoration? value=null
                ARG textAlign: COMPOSITE type=androidx.compose.ui.text.style.TextAlign? origin=DEFAULT_VALUE
                  CONST Null type=androidx.compose.ui.text.style.TextAlign? value=null
                ARG lineHeight: COMPOSITE type=androidx.compose.ui.unit.TextUnit origin=DEFAULT_VALUE
                  CALL 'public final fun <unsafe-coerce> <T, R> (v: T of kotlin.jvm.internal.<unsafe-coerce>): R of kotlin.jvm.internal.<unsafe-coerce> declared in kotlin.jvm.internal' type=androidx.compose.ui.unit.TextUnit origin=null
                    TYPE_ARG T: kotlin.Long
                    TYPE_ARG R: androidx.compose.ui.unit.TextUnit
                    ARG v: CONST Long type=kotlin.Long value=0
                ARG overflow: COMPOSITE type=androidx.compose.ui.text.style.TextOverflow origin=DEFAULT_VALUE
                  CALL 'public final fun <unsafe-coerce> <T, R> (v: T of kotlin.jvm.internal.<unsafe-coerce>): R of kotlin.jvm.internal.<unsafe-coerce> declared in kotlin.jvm.internal' type=androidx.compose.ui.text.style.TextOverflow origin=null
                    TYPE_ARG T: kotlin.Int
                    TYPE_ARG R: androidx.compose.ui.text.style.TextOverflow
                    ARG v: CONST Int type=kotlin.Int value=0
                ARG softWrap: COMPOSITE type=kotlin.Boolean origin=DEFAULT_VALUE
                  CONST Boolean type=kotlin.Boolean value=false
                ARG maxLines: COMPOSITE type=kotlin.Int origin=DEFAULT_VALUE
                  CONST Int type=kotlin.Int value=0
                ARG minLines: COMPOSITE type=kotlin.Int origin=DEFAULT_VALUE
                  CONST Int type=kotlin.Int value=0
                ARG onTextLayout: COMPOSITE type=kotlin.Function1<androidx.compose.ui.text.TextLayoutResult, kotlin.Unit>? origin=DEFAULT_VALUE
                  CONST Null type=kotlin.Function1<androidx.compose.ui.text.TextLayoutResult, kotlin.Unit>? value=null
                ARG style: GET_VAR 'val tmp4_style: androidx.compose.ui.text.TextStyle [val] declared in com.template.app.presentation.home.HomeScreenKt.HomeScreen$lambda$2$0$0.HomeScreen$lambda$2$0$0$0.<no name provided>.invoke.invoke$lambda$0' type=androidx.compose.ui.text.TextStyle origin=null
                ARG $mask0: CONST Int type=kotlin.Int value=65530
                ARG $handler: CONST Null type=kotlin.Any? value=null
      ARG $mask0: CONST Int type=kotlin.Int value=6
      ARG $handler: CONST Null type=kotlin.Any? value=null

	at org.jetbrains.kotlin.backend.jvm.codegen.FunctionCodegen.generate(FunctionCodegen.kt:57)
	at org.jetbrains.kotlin.backend.jvm.codegen.FunctionCodegen.generate$default(FunctionCodegen.kt:50)
	at org.jetbrains.kotlin.backend.jvm.codegen.ClassCodegen.generateMethodNode(ClassCodegen.kt:428)
	at org.jetbrains.kotlin.backend.jvm.codegen.ClassCodegen.generateMethod(ClassCodegen.kt:445)
	at org.jetbrains.kotlin.backend.jvm.codegen.ClassCodegen.generate(ClassCodegen.kt:168)
	at org.jetbrains.kotlin.backend.jvm.codegen.ExpressionCodegen.visitClass(ExpressionCodegen.kt:920)
	at org.jetbrains.kotlin.backend.jvm.codegen.ExpressionCodegen.visitClass(ExpressionCodegen.kt:140)
	at org.jetbrains.kotlin.ir.declarations.IrClass.accept(IrClass.kt:72)
	at org.jetbrains.kotlin.backend.jvm.codegen.ExpressionCodegen.visitStatementContainer(ExpressionCodegen.kt:491)
	at org.jetbrains.kotlin.backend.jvm.codegen.ExpressionCodegen.visitContainerExpression(ExpressionCodegen.kt:505)
	at org.jetbrains.kotlin.backend.jvm.codegen.ExpressionCodegen.visitContainerExpression(ExpressionCodegen.kt:140)
	at org.jetbrains.kotlin.ir.visitors.IrVisitor.visitBlock(IrVisitor.kt:125)
	at org.jetbrains.kotlin.backend.jvm.codegen.ExpressionCodegen.visitBlock(ExpressionCodegen.kt:429)
	at org.jetbrains.kotlin.backend.jvm.codegen.ExpressionCodegen.visitBlock(ExpressionCodegen.kt:140)
	at org.jetbrains.kotlin.ir.expressions.IrBlock.accept(IrBlock.kt:18)
	at org.jetbrains.kotlin.backend.jvm.codegen.ExpressionCodegen.gen(ExpressionCodegen.kt:214)
	at org.jetbrains.kotlin.backend.jvm.codegen.IrCallGenerator.genValueAndPut(IrCallGenerator.kt:48)
	at org.jetbrains.kotlin.backend.jvm.codegen.ExpressionCodegen.visitCall$handleParameter(ExpressionCodegen.kt:534)
	at org.jetbrains.kotlin.backend.jvm.codegen.ExpressionCodegen.visitCall(ExpressionCodegen.kt:547)
	at org.jetbrains.kotlin.backend.jvm.codegen.ExpressionCodegen.visitCall(ExpressionCodegen.kt:140)
	at org.jetbrains.kotlin.ir.expressions.IrCall.accept(IrCall.kt:24)
	at org.jetbrains.kotlin.backend.jvm.codegen.ExpressionCodegen.visitStatementContainer(ExpressionCodegen.kt:491)
	at org.jetbrains.kotlin.backend.jvm.codegen.ExpressionCodegen.visitContainerExpression(ExpressionCodegen.kt:505)
	at org.jetbrains.kotlin.backend.jvm.codegen.ExpressionCodegen.visitContainerExpression(ExpressionCodegen.kt:140)
	at org.jetbrains.kotlin.ir.visitors.IrVisitor.visitBlock(IrVisitor.kt:125)
	at org.jetbrains.kotlin.backend.jvm.codegen.ExpressionCodegen.visitBlock(ExpressionCodegen.kt:429)
	at org.jetbrains.kotlin.backend.jvm.codegen.ExpressionCodegen.visitBlock(ExpressionCodegen.kt:140)
	at org.jetbrains.kotlin.ir.expressions.IrBlock.accept(IrBlock.kt:18)
	at org.jetbrains.kotlin.backend.jvm.codegen.ExpressionCodegen.visitStatementContainer(ExpressionCodegen.kt:491)
	at org.jetbrains.kotlin.backend.jvm.codegen.ExpressionCodegen.visitBlockBody(ExpressionCodegen.kt:496)
	at org.jetbrains.kotlin.backend.jvm.codegen.ExpressionCodegen.visitBlockBody(ExpressionCodegen.kt:140)
	at org.jetbrains.kotlin.ir.expressions.IrBlockBody.accept(IrBlockBody.kt:20)
	at org.jetbrains.kotlin.backend.jvm.codegen.ExpressionCodegen.generate(ExpressionCodegen.kt:233)
	at org.jetbrains.kotlin.backend.jvm.codegen.FunctionCodegen.doGenerate(FunctionCodegen.kt:135)
	at org.jetbrains.kotlin.backend.jvm.codegen.FunctionCodegen.generate(FunctionCodegen.kt:54)
	... 51 more
Caused by: org.jetbrains.kotlin.codegen.CompilationException: Back-end (JVM) Internal error: Couldn't inline method call: CALL 'public final fun Column$default (modifier: androidx.compose.ui.Modifier?, verticalArrangement: androidx.compose.foundation.layout.Arrangement.Vertical?, horizontalAlignment: androidx.compose.ui.Alignment.Horizontal?, content: @[Composable] @[ExtensionFunctionType] kotlin.Function1<androidx.compose.foundation.layout.ColumnScope, kotlin.Unit>, $mask0: kotlin.Int, $handler: kotlin.Any?): kotlin.Unit [inline] declared in androidx.compose.foundation.layout.ColumnKt' type=kotlin.Unit origin=DEFAULT_DISPATCH_CALL
Method: null
File is unknown
The root cause java.lang.IllegalStateException was thrown at: org.jetbrains.kotlin.codegen.inline.SourceCompilerForInlineKt.getMethodNode(SourceCompilerForInline.kt:129)
	at org.jetbrains.kotlin.backend.jvm.codegen.IrInlineCodegen.genInlineCall(IrInlineCodegen.kt:81)
	at org.jetbrains.kotlin.backend.jvm.codegen.IrInlineCallGenerator.genCall(IrInlineCallGenerator.kt:36)
	at org.jetbrains.kotlin.backend.jvm.codegen.ExpressionCodegen.visitCall(ExpressionCodegen.kt:562)
	at org.jetbrains.kotlin.backend.jvm.codegen.ExpressionCodegen.visitCall(ExpressionCodegen.kt:140)
	at org.jetbrains.kotlin.ir.expressions.IrCall.accept(IrCall.kt:24)
	at org.jetbrains.kotlin.backend.jvm.codegen.ExpressionCodegen.visitStatementContainer(ExpressionCodegen.kt:491)
	at org.jetbrains.kotlin.backend.jvm.codegen.ExpressionCodegen.visitBlockBody(ExpressionCodegen.kt:496)
	at org.jetbrains.kotlin.backend.jvm.codegen.ExpressionCodegen.visitBlockBody(ExpressionCodegen.kt:140)
	at org.jetbrains.kotlin.ir.expressions.IrBlockBody.accept(IrBlockBody.kt:20)
	at org.jetbrains.kotlin.backend.jvm.codegen.ExpressionCodegen.generate(ExpressionCodegen.kt:233)
	at org.jetbrains.kotlin.backend.jvm.codegen.FunctionCodegen.doGenerate(FunctionCodegen.kt:135)
	at org.jetbrains.kotlin.backend.jvm.codegen.FunctionCodegen.generate(FunctionCodegen.kt:54)
	... 85 more
Caused by: java.lang.IllegalStateException: couldn't find inline method Landroidx/compose/foundation/layout/ColumnKt;.Column$default(Landroidx/compose/ui/Modifier;Landroidx/compose/foundation/layout/Arrangement$Vertical;Landroidx/compose/ui/Alignment$Horizontal;Lkotlin/jvm/functions/Function1;ILjava/lang/Object;)V
	at org.jetbrains.kotlin.codegen.inline.SourceCompilerForInlineKt.getMethodNode(SourceCompilerForInline.kt:129)
	at org.jetbrains.kotlin.codegen.inline.SourceCompilerForInlineKt.loadCompiledInlineFunction$lambda$0(SourceCompilerForInline.kt:98)
	at org.jetbrains.kotlin.codegen.inline.InlineCache.computeMethodBytes(InlineCache.kt:90)
	at org.jetbrains.kotlin.codegen.inline.SourceCompilerForInlineKt.loadCompiledInlineFunction(SourceCompilerForInline.kt:93)
	at org.jetbrains.kotlin.backend.jvm.codegen.IrSourceCompilerForInline.compileInlineFunction(IrSourceCompilerForInline.kt:96)
	at org.jetbrains.kotlin.backend.jvm.codegen.IrInlineCodegen.genInlineCall(IrInlineCodegen.kt:64)
	... 96 more


